name,country_code,regulatory_status,withdrawal_effective_at,grace_period_until,status_note,source_url,source_snapshot_at,source_grace_text,source_permit_type
"Készítmény neve var maxhideFiltersIndex1ed73b218b3c41c68c8d0866b4ede9fd= maxhideFiltersIndex1ed73b218b3c41c68c8d0866b4ede9fd+1; if(showExpansion) { //Added for row expansion colHeaders1ed73b218b3c41c68c8d0866b4ede9fd.push(""Készítmény neve"") }",HU,unknown,,,"Nébih visszavont/lejárt lista; engedély típusa: Engedély típusa var maxhideFiltersIndex1ed73b218b3c41c68c8d0866b4ede9fd= maxhideFiltersIndex1ed73b218b3c41c68c8d0866b4ede9fd+1; if(showExpansion) { //Added for row expansion colHeaders1ed73b218b3c41c68c8d0866b4ede9fd.push(""Engedély típusa"") }; engedély érvényessége: Engedély érvényessége var maxhideFiltersIndex1ed73b218b3c41c68c8d0866b4ede9fd= maxhideFiltersIndex1ed73b218b3c41c68c8d0866b4ede9fd+1; if(showExpansion) { //Added for row expansion colHeaders1ed73b218b3c41c68c8d0866b4ede9fd.push(""Engedély érvényessége"") }; kereskedelmi türelmi idő: Türelmi idő lejárata (nagy- és kiskereskedői értékesítés) var maxhideFiltersIndex1ed73b218b3c41c68c8d0866b4ede9fd= maxhideFiltersIndex1ed73b218b3c41c68c8d0866b4ede9fd+1; if(showExpansion) { //Added for row expansion colHeaders1ed73b218b3c41c68c8d0866b4ede9fd.push(""Türelmi idő lejárata (nagy- és kiskereskedői értékesítés)"") }; felhasználási türelmi idő: Türelmi idő lejárata (felhasználás) var maxhideFiltersIndex1ed73b218b3c41c68c8d0866b4ede9fd= maxhideFiltersIndex1ed73b218b3c41c68c8d0866b4ede9fd+1; if(showExpansion) { //Added for row expansion colHeaders1ed73b218b3c41c68c8d0866b4ede9fd.push(""Türelmi idő lejárata (felhasználás) "") }",https://portal.nebih.gov.hu/visszavont-es-lejart-ervenyessegu-novenyvedo-szerek,2026-08-25T08:58:00.868360+00:00,"Türelmi idő lejárata (felhasználás) var maxhideFiltersIndex1ed73b218b3c41c68c8d0866b4ede9fd= maxhideFiltersIndex1ed73b218b3c41c68c8d0866b4ede9fd+1; if(showExpansion) { //Added for row expansion colHeaders1ed73b218b3c41c68c8d0866b4ede9fd.push(""Türelmi idő lejárata (felhasználás) "") }","Engedély típusa var maxhideFiltersIndex1ed73b218b3c41c68c8d0866b4ede9fd= maxhideFiltersIndex1ed73b218b3c41c68c8d0866b4ede9fd+1; if(showExpansion) { //Added for row expansion colHeaders1ed73b218b3c41c68c8d0866b4ede9fd.push(""Engedély típusa"") }"
Axoris műtrágya rovarölő szerrel,HU,unknown,2017-01-31,,Nébih visszavont/lejárt lista; engedély típusa: alapengedély; engedély érvényessége: 2017. január 31.; kereskedelmi türelmi idő: 2017. július 31.; felhasználási türelmi idő: eltarthatósági idő végéig,https://portal.nebih.gov.hu/visszavont-es-lejart-ervenyessegu-novenyvedo-szerek,2026-08-25T08:58:00.868395+00:00,eltarthatósági idő végéig,alapengedély
Axoris rovarölő permet dísznövényekhez,HU,unknown,2017-01-31,,Nébih visszavont/lejárt lista; engedély típusa: alapengedély; engedély érvényessége: 2017. január 31.; kereskedelmi türelmi idő: 2017. július 31.; felhasználási türelmi idő: eltarthatósági idő végéig,https://portal.nebih.gov.hu/visszavont-es-lejart-ervenyessegu-novenyvedo-szerek,2026-08-25T08:58:00.868414+00:00,eltarthatósági idő végéig,alapengedély
Axoris rovarölő permet és öntözőszer,HU,unknown,2017-01-31,,Nébih visszavont/lejárt lista; engedély típusa: alapengedély; engedély érvényessége: 2017. január 31.; kereskedelmi türelmi idő: 2017. július 31.; felhasználási türelmi idő: eltarthatósági idő végéig,https://portal.nebih.gov.hu/visszavont-es-lejart-ervenyessegu-novenyvedo-szerek,2026-08-25T08:58:00.868430+00:00,eltarthatósági idő végéig,alapengedély
Axoris táprúd + rovarölő szer,HU,unknown,2017-01-31,,Nébih visszavont/lejárt lista; engedély típusa: alapengedély; engedély érvényessége: 2017. január 31.; kereskedelmi türelmi idő: 2017. július 31.; felhasználási türelmi idő: eltarthatósági idő végéig,https://portal.nebih.gov.hu/visszavont-es-lejart-ervenyessegu-novenyvedo-szerek,2026-08-25T08:58:00.868444+00:00,eltarthatósági idő végéig,alapengedély
Bio-Film,HU,unknown,2017-01-31,,Nébih visszavont/lejárt lista; engedély típusa: alapengedély; engedély érvényessége: 2017. január 31.; kereskedelmi türelmi idő: 2018. április 30.; felhasználási türelmi idő: eltarthatósági idő végéig,https://portal.nebih.gov.hu/visszavont-es-lejart-ervenyessegu-novenyvedo-szerek,2026-08-25T08:58:00.868458+00:00,eltarthatósági idő végéig,alapengedély
Match 050 EC,HU,not_applicable,2017-02-03,,Nébih visszavont/lejárt lista; engedély típusa: alapengedély; engedély érvényessége: 2017. február 3.; kereskedelmi türelmi idő: nincs (a szer piaci forgalomba nem került); felhasználási türelmi idő: nincs (a szer piaci forgalomba nem került),https://portal.nebih.gov.hu/visszavont-es-lejart-ervenyessegu-novenyvedo-szerek,2026-08-25T08:58:00.868473+00:00,nincs (a szer piaci forgalomba nem került),alapengedély
Cythrin Garden,HU,unknown,2017-02-28,,Nébih visszavont/lejárt lista; engedély típusa: alapengedély; engedély érvényessége: 2017. február 28.; kereskedelmi türelmi idő: 2017. augusztus 28.; felhasználási türelmi idő: eltarthatósági idő végéig,https://portal.nebih.gov.hu/visszavont-es-lejart-ervenyessegu-novenyvedo-szerek,2026-08-25T08:58:00.868486+00:00,eltarthatósági idő végéig,alapengedély
Carakol,HU,unknown,2017-05-31,,Nébih visszavont/lejárt lista; engedély típusa: alapengedély; engedély érvényessége: 2017. május 31.; kereskedelmi türelmi idő: 2017. november 30.; felhasználási türelmi idő: eltarthatósági idő végéig,https://portal.nebih.gov.hu/visszavont-es-lejart-ervenyessegu-novenyvedo-szerek,2026-08-25T08:58:00.868503+00:00,eltarthatósági idő végéig,alapengedély
Huszár OD,HU,unknown,2017-06-01,,Nébih visszavont/lejárt lista; engedély típusa: alapengedély; engedély érvényessége: 2017. június 1.; kereskedelmi türelmi idő: 2017. december 31.; felhasználási türelmi idő: eltarthatósági idő végéig,https://portal.nebih.gov.hu/visszavont-es-lejart-ervenyessegu-novenyvedo-szerek,2026-08-25T08:58:00.868518+00:00,eltarthatósági idő végéig,alapengedély
Afalon Dispersion,HU,not_applicable,2017-06-03,2018-06-03,Nébih visszavont/lejárt lista; engedély típusa: alapengedély; engedély érvényessége: 2017. június 3.; kereskedelmi türelmi idő: 2017. december 3.; felhasználási türelmi idő: 2018. június 3.,https://portal.nebih.gov.hu/visszavont-es-lejart-ervenyessegu-novenyvedo-szerek,2026-08-25T08:58:00.868533+00:00,2018. június 3.,alapengedély
Lingo,HU,not_applicable,2017-06-03,2018-06-03,Nébih visszavont/lejárt lista; engedély típusa: alapengedély; engedély érvényessége: 2017. június 3.; kereskedelmi türelmi idő: 2017. december 3.; felhasználási türelmi idő: 2018. június 3.,https://portal.nebih.gov.hu/visszavont-es-lejart-ervenyessegu-novenyvedo-szerek,2026-08-25T08:58:00.868584+00:00,2018. június 3.,alapengedély
Nuflon,HU,not_applicable,2017-06-03,2018-06-03,Nébih visszavont/lejárt lista; engedély típusa: alapengedély; engedély érvényessége: 2017. június 3.; kereskedelmi türelmi idő: 2017. december 3.; felhasználási türelmi idő: 2018. június 3.,https://portal.nebih.gov.hu/visszavont-es-lejart-ervenyessegu-novenyvedo-szerek,2026-08-25T08:58:00.868601+00:00,2018. június 3.,alapengedély
Galigan 240 EC,HU,not_applicable,2017-06-21,2018-06-21,Nébih visszavont/lejárt lista; engedély típusa: alapengedély; engedély érvényessége: 2017. június 21.; kereskedelmi türelmi idő: 2017. december 21.; felhasználási türelmi idő: 2018. június 21.,https://portal.nebih.gov.hu/visszavont-es-lejart-ervenyessegu-novenyvedo-szerek,2026-08-25T08:58:00.868615+00:00,2018. június 21.,alapengedély
Goal Duplo,HU,not_applicable,2017-06-21,2018-06-21,Nébih visszavont/lejárt lista; engedély típusa: alapengedély; engedély érvényessége: 2017. június 21.; kereskedelmi türelmi idő: 2017. december 21.; felhasználási türelmi idő: 2018. június 21.,https://portal.nebih.gov.hu/visszavont-es-lejart-ervenyessegu-novenyvedo-szerek,2026-08-25T08:58:00.868632+00:00,2018. június 21.,alapengedély
Global Duplo,HU,not_applicable,2017-06-21,2018-06-21,Nébih visszavont/lejárt lista; engedély típusa: származtatott engedély (Ref: Goal Duplo); engedély érvényessége: 2017. június 21.; kereskedelmi türelmi idő: 2017. december 21.; felhasználási türelmi idő: 2018. június 21.,https://portal.nebih.gov.hu/visszavont-es-lejart-ervenyessegu-novenyvedo-szerek,2026-08-25T08:58:00.868646+00:00,2018. június 21.,származtatott engedély (Ref: Goal Duplo)
Oxy,HU,not_applicable,2017-06-21,2018-06-21,Nébih visszavont/lejárt lista; engedély típusa: származtatott engedély (Ref: Goal Duplo); engedély érvényessége: 2017. június 21.; kereskedelmi türelmi idő: 2017. december 21.; felhasználási türelmi idő: 2018. június 21.,https://portal.nebih.gov.hu/visszavont-es-lejart-ervenyessegu-novenyvedo-szerek,2026-08-25T08:58:00.868660+00:00,2018. június 21.,származtatott engedély (Ref: Goal Duplo)
Bigehorm 720,HU,unknown,2017-06-30,,Nébih visszavont/lejárt lista; engedély típusa: alapengedély; engedély érvényessége: 2017. június 30.; kereskedelmi türelmi idő: 2017. december 31.; felhasználási türelmi idő: eltarthatósági idő végéig,https://portal.nebih.gov.hu/visszavont-es-lejart-ervenyessegu-novenyvedo-szerek,2026-08-25T08:58:00.868673+00:00,eltarthatósági idő végéig,alapengedély
DMA-6,HU,unknown,2017-06-30,,Nébih visszavont/lejárt lista; engedély típusa: alapengedély; engedély érvényessége: 2017. június 30.; kereskedelmi türelmi idő: 2017. december 31.; felhasználási türelmi idő: eltarthatósági idő végéig,https://portal.nebih.gov.hu/visszavont-es-lejart-ervenyessegu-novenyvedo-szerek,2026-08-25T08:58:00.868686+00:00,eltarthatósági idő végéig,alapengedély
U 46 D-Fluid SL,HU,unknown,2017-06-30,,Nébih visszavont/lejárt lista; engedély típusa: alapengedély; engedély érvényessége: 2017. június 30.; kereskedelmi türelmi idő: 2017. december 31.; felhasználási türelmi idő: eltarthatósági idő végéig,https://portal.nebih.gov.hu/visszavont-es-lejart-ervenyessegu-novenyvedo-szerek,2026-08-25T08:58:00.868699+00:00,eltarthatósági idő végéig,alapengedély
Syrius N,HU,unknown,2017-06-30,,Nébih visszavont/lejárt lista; engedély típusa: származtatott engedély (Ref: U 46 D-Fluid SL); engedély érvényessége: 2017. június 30.; kereskedelmi türelmi idő: 2017. december 31.; felhasználási türelmi idő: eltarthatósági idő végéig,https://portal.nebih.gov.hu/visszavont-es-lejart-ervenyessegu-novenyvedo-szerek,2026-08-25T08:58:00.868711+00:00,eltarthatósági idő végéig,származtatott engedély (Ref: U 46 D-Fluid SL)
Boni Protect,HU,unknown,2017-07-31,,Nébih visszavont/lejárt lista; engedély típusa: alapengedély; engedély érvényessége: 2017. július 31.; kereskedelmi türelmi idő: 2018. január 31.; felhasználási türelmi idő: eltarthatósági idő végéig,https://portal.nebih.gov.hu/visszavont-es-lejart-ervenyessegu-novenyvedo-szerek,2026-08-25T08:58:00.868726+00:00,eltarthatósági idő végéig,alapengedély
Gro Stop 1% DP,HU,not_applicable,2017-07-31,2018-07-31,Nébih visszavont/lejárt lista; engedély típusa: alapengedély; engedély érvényessége: 2017. július 31.; kereskedelmi türelmi idő: 2018. január 31.; felhasználási türelmi idő: 2018. július 31.,https://portal.nebih.gov.hu/visszavont-es-lejart-ervenyessegu-novenyvedo-szerek,2026-08-25T08:58:00.868739+00:00,2018. július 31.,alapengedély
Acanto 250 SC,HU,not_applicable,2017-11-30,2018-11-30,Nébih visszavont/lejárt lista; engedély típusa: alapengedély; engedély érvényessége: 2017. november 30.; kereskedelmi türelmi idő: 2018. június 20.; felhasználási türelmi idő: 2018. november 30.,https://portal.nebih.gov.hu/visszavont-es-lejart-ervenyessegu-novenyvedo-szerek,2026-08-25T08:58:00.868753+00:00,2018. november 30.,alapengedély
Acanto Plus,HU,not_applicable,2017-11-30,2018-11-30,Nébih visszavont/lejárt lista; engedély típusa: alapengedély; engedély érvényessége: 2017. november 30.; kereskedelmi türelmi idő: 2018. június 20.; felhasználási türelmi idő: 2018. november 30.,https://portal.nebih.gov.hu/visszavont-es-lejart-ervenyessegu-novenyvedo-szerek,2026-08-25T08:58:00.868765+00:00,2018. november 30.,alapengedély
Rovral Aquaflow,HU,not_applicable,2017-12-06,2018-06-05,Nébih visszavont/lejárt lista; engedély típusa: alapengedély; engedély érvényessége: 2017. december 6.; kereskedelmi türelmi idő: 2018. március 5.; felhasználási türelmi idő: 2018. június 5.,https://portal.nebih.gov.hu/visszavont-es-lejart-ervenyessegu-novenyvedo-szerek,2026-08-25T08:58:00.868780+00:00,2018. június 5.,alapengedély
Bio Plantella Flora Koncentrátum,HU,unknown,2017-12-31,,Nébih visszavont/lejárt lista; engedély típusa: alapengedély; engedély érvényessége: 2017. december 31.; kereskedelmi türelmi idő: 2018. június 30.; felhasználási türelmi idő: eltarthatósági idő végéig,https://portal.nebih.gov.hu/visszavont-es-lejart-ervenyessegu-novenyvedo-szerek,2026-08-25T08:58:00.868792+00:00,eltarthatósági idő végéig,alapengedély
Devrinol 45 F,HU,not_applicable,2017-12-31,2019-06-30,Nébih visszavont/lejárt lista; engedély típusa: alapengedély; engedély érvényessége: 2017. december 31.; kereskedelmi türelmi idő: 2018. június 30.; felhasználási türelmi idő: 2019. június 30.,https://portal.nebih.gov.hu/visszavont-es-lejart-ervenyessegu-novenyvedo-szerek,2026-08-25T08:58:00.868808+00:00,2019. június 30.,alapengedély
Flirt,HU,unknown,2017-12-31,,Nébih visszavont/lejárt lista; engedély típusa: alapengedély; engedély érvényessége: 2017. december 31.; kereskedelmi türelmi idő: 2018. június 30.; felhasználási türelmi idő: eltarthatósági idő végéig,https://portal.nebih.gov.hu/visszavont-es-lejart-ervenyessegu-novenyvedo-szerek,2026-08-25T08:58:00.868820+00:00,eltarthatósági idő végéig,alapengedély
Juwel TT,HU,unknown,2017-12-31,,Nébih visszavont/lejárt lista; engedély típusa: alapengedély; engedély érvényessége: 2017. december 31.; kereskedelmi türelmi idő: 2018. június 30.; felhasználási türelmi idő: eltarthatósági idő végéig,https://portal.nebih.gov.hu/visszavont-es-lejart-ervenyessegu-novenyvedo-szerek,2026-08-25T08:58:00.868834+00:00,eltarthatósági idő végéig,alapengedély
Saracen Pack ikercsomag,HU,unknown,2017-12-31,,Nébih visszavont/lejárt lista; engedély típusa: alapengedély; engedély érvényessége: 2017. december 31.; kereskedelmi türelmi idő: 2018. június 30.; felhasználási türelmi idő: eltarthatósági idő végéig,https://portal.nebih.gov.hu/visszavont-es-lejart-ervenyessegu-novenyvedo-szerek,2026-08-25T08:58:00.868848+00:00,eltarthatósági idő végéig,alapengedély
Ceridor MCPA,HU,not_applicable,2018-01-19,2019-01-01,Nébih visszavont/lejárt lista; engedély típusa: származtatott engedély (Ref: Agroxone 75); engedély érvényessége: 2018. január 19.; kereskedelmi türelmi idő: 2018. június 29.; felhasználási türelmi idő: 2019. január 1.,https://portal.nebih.gov.hu/visszavont-es-lejart-ervenyessegu-novenyvedo-szerek,2026-08-25T08:58:00.868863+00:00,2019. január 1.,származtatott engedély (Ref: Agroxone 75)
Matsuri,HU,not_applicable,2018-01-31,,Nébih visszavont/lejárt lista; engedély típusa: alapengedély; engedély érvényessége: 2018. január 31.; kereskedelmi türelmi idő: nincs (a szer piaci forgalomba nem került); felhasználási türelmi idő: nincs (a szer piaci forgalomba nem került),https://portal.nebih.gov.hu/visszavont-es-lejart-ervenyessegu-novenyvedo-szerek,2026-08-25T08:58:00.868877+00:00,nincs (a szer piaci forgalomba nem került),alapengedély
Nemacel,HU,unknown,2018-02-15,,Nébih visszavont/lejárt lista; engedély típusa: alapengedély; engedély érvényessége: 2018. február 15.; kereskedelmi türelmi idő: 2018. augusztus 15.; felhasználási türelmi idő: eltarthatósági idő végéig,https://portal.nebih.gov.hu/visszavont-es-lejart-ervenyessegu-novenyvedo-szerek,2026-08-25T08:58:00.868889+00:00,eltarthatósági idő végéig,alapengedély
Attrade Nikoszulfuron 40 SC (származási o.: Ausztria),HU,unknown,2018-02-28,,Nébih visszavont/lejárt lista; engedély típusa: párhuzamos engedély (Ref: Motivell); engedély érvényessége: 2018. február 28.; kereskedelmi türelmi idő: 2018. augusztus 31.; felhasználási türelmi idő: eltarthatósági idő végéig,https://portal.nebih.gov.hu/visszavont-es-lejart-ervenyessegu-novenyvedo-szerek,2026-08-25T08:58:00.868903+00:00,eltarthatósági idő végéig,párhuzamos engedély (Ref: Motivell)
Goltix Super,HU,unknown,2018-02-28,,Nébih visszavont/lejárt lista; engedély típusa: alapengedély; engedély érvényessége: 2018. február 28.; kereskedelmi türelmi idő: 2018. augusztus 31.; felhasználási türelmi idő: eltarthatósági idő végéig,https://portal.nebih.gov.hu/visszavont-es-lejart-ervenyessegu-novenyvedo-szerek,2026-08-25T08:58:00.868920+00:00,eltarthatósági idő végéig,alapengedély
Shado,HU,unknown,2018-02-28,,Nébih visszavont/lejárt lista; engedély típusa: alapengedély; engedély érvényessége: 2018. február 28.; kereskedelmi türelmi idő: 2018. augusztus 31.; felhasználási türelmi idő: eltarthatósági idő végéig,https://portal.nebih.gov.hu/visszavont-es-lejart-ervenyessegu-novenyvedo-szerek,2026-08-25T08:58:00.868932+00:00,eltarthatósági idő végéig,alapengedély
Shardo 300 SC,HU,unknown,2018-02-28,,Nébih visszavont/lejárt lista; engedély típusa: származtatott engedély; engedély érvényessége: 2018. február 28.; kereskedelmi türelmi idő: 2018. augusztus 31.; felhasználási türelmi idő: eltarthatósági idő végéig,https://portal.nebih.gov.hu/visszavont-es-lejart-ervenyessegu-novenyvedo-szerek,2026-08-25T08:58:00.868944+00:00,eltarthatósági idő végéig,származtatott engedély
Biscaya 240 OD (származási o.: Románia),HU,unknown,2018-04-30,,Nébih visszavont/lejárt lista; engedély típusa: párhuzamos engedély (Ref: Biscaya); engedély érvényessége: 2018. április 30.; kereskedelmi türelmi idő: 2018. október 30.; felhasználási türelmi idő: eltarthatósági idő végéig,https://portal.nebih.gov.hu/visszavont-es-lejart-ervenyessegu-novenyvedo-szerek,2026-08-25T08:58:00.868959+00:00,eltarthatósági idő végéig,párhuzamos engedély (Ref: Biscaya)
Agria Lambda Cihalotrin (származási o.: Lengyelország),HU,unknown,2018-05-02,,Nébih visszavont/lejárt lista; engedély típusa: párhuzamos engedély (Ref: Karate Zeon 5 CS); engedély érvényessége: 2018. május 2.; kereskedelmi türelmi idő: 2018. október 30.; felhasználási türelmi idő: eltarthatósági idő végéig,https://portal.nebih.gov.hu/visszavont-es-lejart-ervenyessegu-novenyvedo-szerek,2026-08-25T08:58:00.868973+00:00,eltarthatósági idő végéig,párhuzamos engedély (Ref: Karate Zeon 5 CS)
Laudis (származási o.: Németország),HU,unknown,2018-05-02,,Nébih visszavont/lejárt lista; engedély típusa: párhuzamos engedély (Ref: Laudis); engedély érvényessége: 2018. május 2.; kereskedelmi türelmi idő: 2018. október 30.; felhasználási türelmi idő: eltarthatósági idő végéig,https://portal.nebih.gov.hu/visszavont-es-lejart-ervenyessegu-novenyvedo-szerek,2026-08-25T08:58:00.868991+00:00,eltarthatósági idő végéig,párhuzamos engedély (Ref: Laudis)
Agria Metamitron (származási o.: Egyesült Királyság),HU,unknown,2018-05-02,,Nébih visszavont/lejárt lista; engedély típusa: párhuzamos engedély (Ref: Viking 700 SC); engedély érvényessége: 2018. május 2.; kereskedelmi türelmi idő: 2018. október 30.; felhasználási türelmi idő: eltarthatósági idő végéig,https://portal.nebih.gov.hu/visszavont-es-lejart-ervenyessegu-novenyvedo-szerek,2026-08-25T08:58:00.869004+00:00,eltarthatósági idő végéig,párhuzamos engedély (Ref: Viking 700 SC)
Attrade Difenokonazol 250 EC (származási o.: Lengyelország),HU,unknown,2018-05-31,,Nébih visszavont/lejárt lista; engedély típusa: párhuzamos engedély (Ref: Score 250 EC); engedély érvényessége: 2018. május 31.; kereskedelmi türelmi idő: 2018. november 30.; felhasználási türelmi idő: eltarthatósági idő végéig,https://portal.nebih.gov.hu/visszavont-es-lejart-ervenyessegu-novenyvedo-szerek,2026-08-25T08:58:00.869020+00:00,eltarthatósági idő végéig,párhuzamos engedély (Ref: Score 250 EC)
Mythos 30 SC,HU,unknown,2018-05-31,,Nébih visszavont/lejárt lista; engedély típusa: alapengedély; engedély érvényessége: 2018. május 31.; kereskedelmi türelmi idő: 2018. november 31.; felhasználási türelmi idő: eltarthatósági idő végéig,https://portal.nebih.gov.hu/visszavont-es-lejart-ervenyessegu-novenyvedo-szerek,2026-08-25T08:58:00.869033+00:00,eltarthatósági idő végéig,alapengedély
Antracol 70 WG,HU,not_applicable,2018-06-22,2019-06-22,Nébih visszavont/lejárt lista; engedély típusa: alapengedély; engedély érvényessége: 2018. június 22.; kereskedelmi türelmi idő: 2018. december 22.; felhasználási türelmi idő: 2019. június 22.,https://portal.nebih.gov.hu/visszavont-es-lejart-ervenyessegu-novenyvedo-szerek,2026-08-25T08:58:00.869048+00:00,2019. június 22.,alapengedély
Antracol 70 WG (származási o.: Horvátország),HU,not_applicable,2018-06-22,2019-06-22,Nébih visszavont/lejárt lista; engedély típusa: párhuzamos engedély (Ref: Antracol 70 WG); engedély érvényessége: 2018. június 22.; kereskedelmi türelmi idő: 2018. december 22.; felhasználási türelmi idő: 2019. június 22.,https://portal.nebih.gov.hu/visszavont-es-lejart-ervenyessegu-novenyvedo-szerek,2026-08-25T08:58:00.869063+00:00,2019. június 22.,párhuzamos engedély (Ref: Antracol 70 WG)
Collage,HU,unknown,2018-06-30,,Nébih visszavont/lejárt lista; engedély típusa: alapengedély; engedély érvényessége: 2018. június 30.; kereskedelmi türelmi idő: 2018. december 31.; felhasználási türelmi idő: eltarthatósági idő végéig,https://portal.nebih.gov.hu/visszavont-es-lejart-ervenyessegu-novenyvedo-szerek,2026-08-25T08:58:00.869076+00:00,eltarthatósági idő végéig,alapengedély
Ranman Twin Pack,HU,unknown,2018-06-30,,Nébih visszavont/lejárt lista; engedély típusa: alapengedély; engedély érvényessége: 2018. június 30.; kereskedelmi türelmi idő: 2018. december 31.; felhasználási türelmi idő: eltarthatósági idő végéig,https://portal.nebih.gov.hu/visszavont-es-lejart-ervenyessegu-novenyvedo-szerek,2026-08-25T08:58:00.869087+00:00,eltarthatósági idő végéig,alapengedély
Aphox,HU,unknown,2018-06-30,,Nébih visszavont/lejárt lista; engedély típusa: származtatott engedély (Ref: Pirimor 50 WG); engedély érvényessége: 2018. június 30.; kereskedelmi türelmi idő: eltarthatósági idő végéig; felhasználási türelmi idő: eltarthatósági idő végéig,https://portal.nebih.gov.hu/visszavont-es-lejart-ervenyessegu-novenyvedo-szerek,2026-08-25T08:58:00.869102+00:00,eltarthatósági idő végéig,származtatott engedély (Ref: Pirimor 50 WG)
Priori Xtra,HU,unknown,2018-06-30,,Nébih visszavont/lejárt lista; engedély típusa: származtatott engedély (Ref: Amistar Xtra); engedély érvényessége: 2018. június 30.; kereskedelmi türelmi idő: eltarthatósági idő végéig; felhasználási türelmi idő: eltarthatósági idő végéig,https://portal.nebih.gov.hu/visszavont-es-lejart-ervenyessegu-novenyvedo-szerek,2026-08-25T08:58:00.869114+00:00,eltarthatósági idő végéig,származtatott engedély (Ref: Amistar Xtra)
Meso Trio (eng.tul.: Syngenta),HU,unknown,2018-06-30,,Nébih visszavont/lejárt lista; engedély típusa: származtatott engedély (Ref: Callisto Turbo); engedély érvényessége: 2018. június 30.; kereskedelmi türelmi idő: eltarthatósági idő végéig; felhasználási türelmi idő: eltarthatósági idő végéig,https://portal.nebih.gov.hu/visszavont-es-lejart-ervenyessegu-novenyvedo-szerek,2026-08-25T08:58:00.869126+00:00,eltarthatósági idő végéig,származtatott engedély (Ref: Callisto Turbo)
Finale 14 SL,HU,not_applicable,2018-07-31,2020-01-31,Nébih visszavont/lejárt lista; engedély típusa: alapengedély; engedély érvényessége: 2018. július 31.; kereskedelmi türelmi idő: 2019. január 31.; felhasználási türelmi idő: 2020. január 31.,https://portal.nebih.gov.hu/visszavont-es-lejart-ervenyessegu-novenyvedo-szerek,2026-08-25T08:58:00.869140+00:00,2020. január 31.,alapengedély
Finale 14 SL (származási o.: Horvátország),HU,not_applicable,2018-07-31,2020-01-31,Nébih visszavont/lejárt lista; engedély típusa: párhuzamos engedély (Ref: Finale 14 SL); engedély érvényessége: 2018. július 31.; kereskedelmi türelmi idő: 2019. január 31.; felhasználási türelmi idő: 2020. január 31.,https://portal.nebih.gov.hu/visszavont-es-lejart-ervenyessegu-novenyvedo-szerek,2026-08-25T08:58:00.869154+00:00,2020. január 31.,párhuzamos engedély (Ref: Finale 14 SL)
Finale 14 SL (származási o.: Lengyelország),HU,not_applicable,2018-07-31,2020-01-31,Nébih visszavont/lejárt lista; engedély típusa: párhuzamos engedély (Ref: Finale 14 SL); engedély érvényessége: 2018. július 31.; kereskedelmi türelmi idő: 2019. január 31.; felhasználási türelmi idő: 2020. január 31.,https://portal.nebih.gov.hu/visszavont-es-lejart-ervenyessegu-novenyvedo-szerek,2026-08-25T08:58:00.869171+00:00,2020. január 31.,párhuzamos engedély (Ref: Finale 14 SL)
Gayon (származási o.: Lengyelország),HU,unknown,2018-07-31,,Nébih visszavont/lejárt lista; engedély típusa: párhuzamos engedély (Ref: Reglone); engedély érvényessége: 2018. július 31.; kereskedelmi türelmi idő: 2019. január 31; felhasználási türelmi idő: eltarthatósági idő végéig,https://portal.nebih.gov.hu/visszavont-es-lejart-ervenyessegu-novenyvedo-szerek,2026-08-25T08:58:00.869184+00:00,eltarthatósági idő végéig,párhuzamos engedély (Ref: Reglone)
Mezmer,HU,unknown,2018-07-31,,Nébih visszavont/lejárt lista; engedély típusa: alapengedély; engedély érvényessége: 2018. július 31.; kereskedelmi türelmi idő: 2019. január 31.; felhasználási türelmi idő: eltarthatósági idő végéig,https://portal.nebih.gov.hu/visszavont-es-lejart-ervenyessegu-novenyvedo-szerek,2026-08-25T08:58:00.869198+00:00,eltarthatósági idő végéig,alapengedély
Misti (származási o.: Lengyelország),HU,unknown,2018-07-31,,Nébih visszavont/lejárt lista; engedély típusa: párhuzamos engedély (Ref: Amistar); engedély érvényessége: 2018. július 31.; kereskedelmi türelmi idő: 2019. január 31; felhasználási türelmi idő: eltarthatósági idő végéig,https://portal.nebih.gov.hu/visszavont-es-lejart-ervenyessegu-novenyvedo-szerek,2026-08-25T08:58:00.869212+00:00,eltarthatósági idő végéig,párhuzamos engedély (Ref: Amistar)
Luzindo,HU,not_applicable,2018-09-19,2018-12-19,Nébih visszavont/lejárt lista; engedély típusa: alapengedély; engedély érvényessége: 2018. szeptember 19.; kereskedelmi türelmi idő: 2018. szeptember 19.; felhasználási türelmi idő: 2018. december 19.,https://portal.nebih.gov.hu/visszavont-es-lejart-ervenyessegu-novenyvedo-szerek,2026-08-25T08:58:00.869226+00:00,2018. december 19.,alapengedély
Santana 1 G,HU,not_applicable,2018-09-19,2018-12-19,Nébih visszavont/lejárt lista; engedély típusa: alapengedély; engedély érvényessége: 2018. szeptember 19.; kereskedelmi türelmi idő: 2018. szeptember 19.; felhasználási türelmi idő: 2018. december 19.,https://portal.nebih.gov.hu/visszavont-es-lejart-ervenyessegu-novenyvedo-szerek,2026-08-25T08:58:00.869241+00:00,2018. december 19.,alapengedély
Cheyenne 1 G,HU,not_applicable,2018-09-19,2018-12-19,Nébih visszavont/lejárt lista; engedély típusa: származtatott engedély (Ref: Santana 1 G); engedély érvényessége: 2018. szeptember 19.; kereskedelmi türelmi idő: 2018. szeptember 19.; felhasználási türelmi idő: 2018. december 19.,https://portal.nebih.gov.hu/visszavont-es-lejart-ervenyessegu-novenyvedo-szerek,2026-08-25T08:58:00.869254+00:00,2018. december 19.,származtatott engedély (Ref: Santana 1 G)
Monceren G,HU,not_applicable,2018-09-19,2018-12-19,Nébih visszavont/lejárt lista; engedély típusa: alapengedély; engedély érvényessége: 2018. szeptember 19.; kereskedelmi türelmi idő: 2018. szeptember 19.; felhasználási türelmi idő: 2018. december 19. (csávázás + vetőgumó értékesítés + vetés),https://portal.nebih.gov.hu/visszavont-es-lejart-ervenyessegu-novenyvedo-szerek,2026-08-25T08:58:00.869273+00:00,2018. december 19. (csávázás + vetőgumó értékesítés + vetés),alapengedély
Kamba 480 SL (eng.tul.: Sharda),HU,not_applicable,2018-10-05,,Nébih visszavont/lejárt lista; engedély típusa: származtatott engedély (Ref: Dicash 480 SL); engedély érvényessége: 2018. október 5.; kereskedelmi türelmi idő: nincs (a szer piaci forgalomba nem került); felhasználási türelmi idő: nincs (a szer piaci forgalomba nem került),https://portal.nebih.gov.hu/visszavont-es-lejart-ervenyessegu-novenyvedo-szerek,2026-08-25T08:58:00.869287+00:00,nincs (a szer piaci forgalomba nem került),származtatott engedély (Ref: Dicash 480 SL)
Caliban,HU,unknown,2018-10-31,,Nébih visszavont/lejárt lista; engedély típusa: alapengedély; engedély érvényessége: 2018. október 31.; kereskedelmi türelmi idő: 2019. április 30.; felhasználási türelmi idő: eltarthatósági idő végéig,https://portal.nebih.gov.hu/visszavont-es-lejart-ervenyessegu-novenyvedo-szerek,2026-08-25T08:58:00.869300+00:00,eltarthatósági idő végéig,alapengedély
Calypso (származási o.: Olaszország),HU,unknown,2018-11-28,,Nébih visszavont/lejárt lista; engedély típusa: párhuzamos engedély (Ref: Calypso 480 SC); engedély érvényessége: 2018. november 28.; kereskedelmi türelmi idő: 2019. május 31.; felhasználási türelmi idő: eltarthatósági idő végéig,https://portal.nebih.gov.hu/visszavont-es-lejart-ervenyessegu-novenyvedo-szerek,2026-08-25T08:58:00.869313+00:00,eltarthatósági idő végéig,párhuzamos engedély (Ref: Calypso 480 SC)
Basagran (származási o.: Németország),HU,unknown,2018-11-28,,Nébih visszavont/lejárt lista; engedély típusa: párhuzamos engedély (Ref: Basagran 480 SL); engedély érvényessége: 2018. november 28.; kereskedelmi türelmi idő: 2019. május 31.; felhasználási türelmi idő: eltarthatósági idő végéig,https://portal.nebih.gov.hu/visszavont-es-lejart-ervenyessegu-novenyvedo-szerek,2026-08-25T08:58:00.869325+00:00,eltarthatósági idő végéig,párhuzamos engedély (Ref: Basagran 480 SL)
Flirt T,HU,not_applicable,2018-12-31,2020-06-30,Nébih visszavont/lejárt lista; engedély típusa: alapengedély; engedély érvényessége: 2018. december 31.; kereskedelmi türelmi idő: 2019. június 30.; felhasználási türelmi idő: 2020. június 30.,https://portal.nebih.gov.hu/visszavont-es-lejart-ervenyessegu-novenyvedo-szerek,2026-08-25T08:58:00.869340+00:00,2020. június 30.,alapengedély
Pyramin Turbo,HU,not_applicable,2018-12-31,2020-06-30,Nébih visszavont/lejárt lista; engedély típusa: alapengedély; engedély érvényessége: 2018. december 31.; kereskedelmi türelmi idő: 2019. június 30.; felhasználási türelmi idő: 2020. június 30.,https://portal.nebih.gov.hu/visszavont-es-lejart-ervenyessegu-novenyvedo-szerek,2026-08-25T08:58:00.869353+00:00,2020. június 30.,alapengedély
Betoxon F 430,HU,not_applicable,2018-12-31,2020-06-30,Nébih visszavont/lejárt lista; engedély típusa: alapengedély; engedély érvényessége: 2018. december 31.; kereskedelmi türelmi idő: 2019. június 30.; felhasználási türelmi idő: 2020. június 30.,https://portal.nebih.gov.hu/visszavont-es-lejart-ervenyessegu-novenyvedo-szerek,2026-08-25T08:58:00.869368+00:00,2020. június 30.,alapengedély
Stomp Super,HU,unknown,2018-12-31,,Nébih visszavont/lejárt lista; engedély típusa: alapengedély; engedély érvényessége: 2018. december 31.; kereskedelmi türelmi idő: 2019. június 30.; felhasználási türelmi idő: eltarthatósági idő végéig,https://portal.nebih.gov.hu/visszavont-es-lejart-ervenyessegu-novenyvedo-szerek,2026-08-25T08:58:00.869382+00:00,eltarthatósági idő végéig,alapengedély
Glialka Extra,HU,unknown,2018-12-31,,Nébih visszavont/lejárt lista; engedély típusa: alapengedély; engedély érvényessége: 2018. december 31.; kereskedelmi türelmi idő: 2019. június 30.; felhasználási türelmi idő: eltarthatósági idő végéig,https://portal.nebih.gov.hu/visszavont-es-lejart-ervenyessegu-novenyvedo-szerek,2026-08-25T08:58:00.869394+00:00,eltarthatósági idő végéig,alapengedély
Glialka Handy,HU,unknown,2018-12-31,,Nébih visszavont/lejárt lista; engedély típusa: alapengedély; engedély érvényessége: 2018. december 31.; kereskedelmi türelmi idő: 2019. június 30.; felhasználási türelmi idő: eltarthatósági idő végéig,https://portal.nebih.gov.hu/visszavont-es-lejart-ervenyessegu-novenyvedo-szerek,2026-08-25T08:58:00.869405+00:00,eltarthatósági idő végéig,alapengedély
Cleaness,HU,unknown,2018-12-31,,Nébih visszavont/lejárt lista; engedély típusa: alapengedély; engedély érvényessége: 2018. december 31.; kereskedelmi türelmi idő: 2019. június 30.; felhasználási türelmi idő: eltarthatósági idő végéig,https://portal.nebih.gov.hu/visszavont-es-lejart-ervenyessegu-novenyvedo-szerek,2026-08-25T08:58:00.869420+00:00,eltarthatósági idő végéig,alapengedély
Clinic Ready,HU,unknown,2018-12-31,,Nébih visszavont/lejárt lista; engedély típusa: származtatott engedély (Ref: Cleaness); engedély érvényessége: 2018. december 31.; kereskedelmi türelmi idő: 2019. június 30.; felhasználási türelmi idő: eltarthatósági idő végéig,https://portal.nebih.gov.hu/visszavont-es-lejart-ervenyessegu-novenyvedo-szerek,2026-08-25T08:58:00.869432+00:00,eltarthatósági idő végéig,származtatott engedély (Ref: Cleaness)
Maule (származási o.: Egyesült Királyság),HU,not_applicable,2018-12-31,2020-05-20,Nébih visszavont/lejárt lista; engedély típusa: párhuzamos engedély (Ref: Bravo 500); engedély érvényessége: 2018. december 31.; kereskedelmi türelmi idő: 2019. június 30.; felhasználási türelmi idő: 2020. május 20.,https://portal.nebih.gov.hu/visszavont-es-lejart-ervenyessegu-novenyvedo-szerek,2026-08-25T08:58:00.869447+00:00,2020. május 20.,párhuzamos engedély (Ref: Bravo 500)
Alpamayo (származási o.: Lengyelország),HU,unknown,2018-12-31,,Nébih visszavont/lejárt lista; engedély típusa: párhuzamos engedély (Ref: Karate Zeon 5 CS); engedély érvényessége: 2018. december 31.; kereskedelmi türelmi idő: 2019. június 30.; felhasználási türelmi idő: eltarthatósági idő végéig,https://portal.nebih.gov.hu/visszavont-es-lejart-ervenyessegu-novenyvedo-szerek,2026-08-25T08:58:00.869460+00:00,eltarthatósági idő végéig,párhuzamos engedély (Ref: Karate Zeon 5 CS)
Attrade Klortalonil 500 SC (származási o.: Egyesült Királyság),HU,not_applicable,2018-12-31,2020-05-20,Nébih visszavont/lejárt lista; engedély típusa: párhuzamos engedély (Ref: Bravo 500); engedély érvényessége: 2018. december 31.; kereskedelmi türelmi idő: 2019. június 30.; felhasználási türelmi idő: 2020. május 20.,https://portal.nebih.gov.hu/visszavont-es-lejart-ervenyessegu-novenyvedo-szerek,2026-08-25T08:58:00.869474+00:00,2020. május 20.,párhuzamos engedély (Ref: Bravo 500)
Attrade Klop+Ram 334 SL (származási o.: Szlovákia),HU,unknown,2018-12-31,,Nébih visszavont/lejárt lista; engedély típusa: párhuzamos engedély (Ref: Galera); engedély érvényessége: 2018. december 31.; kereskedelmi türelmi idő: 2019. június 30.; felhasználási türelmi idő: eltarthatósági idő végéig,https://portal.nebih.gov.hu/visszavont-es-lejart-ervenyessegu-novenyvedo-szerek,2026-08-25T08:58:00.869489+00:00,eltarthatósági idő végéig,párhuzamos engedély (Ref: Galera)
Bravo 500 (származási o.: Németország),HU,not_applicable,2018-12-31,2020-05-20,Nébih visszavont/lejárt lista; engedély típusa: párhuzamos engedély (Ref: Bravo 500); engedély érvényessége: 2018. december 31.; kereskedelmi türelmi idő: 2019. június 30.; felhasználási türelmi idő: 2020. május 20.,https://portal.nebih.gov.hu/visszavont-es-lejart-ervenyessegu-novenyvedo-szerek,2026-08-25T08:58:00.869504+00:00,2020. május 20.,párhuzamos engedély (Ref: Bravo 500)
Vitavax 2000 (származási o.: Románia),HU,not_applicable,2019-01-30,2020-01-30,Nébih visszavont/lejárt lista; engedély típusa: alapengedély; engedély érvényessége: 2019. január 30.; kereskedelmi türelmi idő: 2019. július 31.; felhasználási türelmi idő: 2020. január 30. (csávázás + csávázott vetőmag értékesítés + vetés),https://portal.nebih.gov.hu/visszavont-es-lejart-ervenyessegu-novenyvedo-szerek,2026-08-25T08:58:00.869523+00:00,2020. január 30. (csávázás + csávázott vetőmag értékesítés + vetés),alapengedély
Vitavax 2000 (származási o.: Románia),HU,not_applicable,2018-11-30,2020-01-30,Nébih visszavont/lejárt lista; engedély típusa: párhuzamos engedély (Ref: Vitavax 2000); engedély érvényessége: 2018. november 30.; kereskedelmi türelmi idő: 2019. május 31.; felhasználási türelmi idő: 2020. január 30. (csávázás + csávázott vetőmag értékesítés + vetés),https://portal.nebih.gov.hu/visszavont-es-lejart-ervenyessegu-novenyvedo-szerek,2026-08-25T08:58:00.869541+00:00,2020. január 30. (csávázás + csávázott vetőmag értékesítés + vetés),párhuzamos engedély (Ref: Vitavax 2000)
Anchor,HU,not_applicable,2019-01-30,2020-01-30,Nébih visszavont/lejárt lista; engedély típusa: származtatott engedély (Ref: Vitavax 2000); engedély érvényessége: 2019. január 30.; kereskedelmi türelmi idő: 2019. július 31.; felhasználási türelmi idő: 2020. január 30. (csávázás + csávázott vetőmag értékesítés + vetés),https://portal.nebih.gov.hu/visszavont-es-lejart-ervenyessegu-novenyvedo-szerek,2026-08-25T08:58:00.869578+00:00,2020. január 30. (csávázás + csávázott vetőmag értékesítés + vetés),származtatott engedély (Ref: Vitavax 2000)
Flowsan FS,HU,not_applicable,2019-01-30,2020-01-30,Nébih visszavont/lejárt lista; engedély típusa: alapengedély; engedély érvényessége: 2019. január 30.; kereskedelmi türelmi idő: 2019. július 31.; felhasználási türelmi idő: 2020. január 30. (csávázás + csávázott vetőmag értékesítés + vetés),https://portal.nebih.gov.hu/visszavont-es-lejart-ervenyessegu-novenyvedo-szerek,2026-08-25T08:58:00.869601+00:00,2020. január 30. (csávázás + csávázott vetőmag értékesítés + vetés),alapengedély
Royalflo,HU,not_applicable,2019-01-30,2020-01-30,Nébih visszavont/lejárt lista; engedély típusa: alapengedély; engedély érvényessége: 2019. január 30.; kereskedelmi türelmi idő: 2019. július 31.; felhasználási türelmi idő: 2020. január 30. (csávázás + csávázott vetőmag értékesítés + vetés),https://portal.nebih.gov.hu/visszavont-es-lejart-ervenyessegu-novenyvedo-szerek,2026-08-25T08:58:00.869618+00:00,2020. január 30. (csávázás + csávázott vetőmag értékesítés + vetés),alapengedély
Tiuram Granuflow,HU,not_applicable,2019-01-30,2019-04-30,Nébih visszavont/lejárt lista; engedély típusa: alapengedély; engedély érvényessége: 2019. január 30.; kereskedelmi türelmi idő: 2019. április 30.; felhasználási türelmi idő: 2019. április 30.,https://portal.nebih.gov.hu/visszavont-es-lejart-ervenyessegu-novenyvedo-szerek,2026-08-25T08:58:00.869632+00:00,2019. április 30.,alapengedély
Dursban Delta CS,HU,unknown,2019-01-31,,Nébih visszavont/lejárt lista; engedély típusa: alapengedély; engedély érvényessége: 2019. január 31.; kereskedelmi türelmi idő: 2019. július 31.; felhasználási türelmi idő: eltarthatósági idő végéig,https://portal.nebih.gov.hu/visszavont-es-lejart-ervenyessegu-novenyvedo-szerek,2026-08-25T08:58:00.869645+00:00,eltarthatósági idő végéig,alapengedély
Plenum (korábban Chess 50 WG - eng.tul.: Adama),HU,not_applicable,2019-04-30,2020-01-30,Nébih visszavont/lejárt lista; engedély típusa: alapengedély; engedély érvényessége: 2019. április 30.; kereskedelmi türelmi idő: 2019. október 30.; felhasználási türelmi idő: 2020. január 30.,https://portal.nebih.gov.hu/visszavont-es-lejart-ervenyessegu-novenyvedo-szerek,2026-08-25T08:58:00.869659+00:00,2020. január 30.,alapengedély
Basagran (származási o.: Németország),HU,unknown,2019-03-30,,Nébih visszavont/lejárt lista; engedély típusa: párhuzamos engedély (Ref: Basagran 480 SL); engedély érvényessége: 2019. március 30.; kereskedelmi türelmi idő: 2019. szeptember 30.; felhasználási türelmi idő: eltarthatósági idő végéig,https://portal.nebih.gov.hu/visszavont-es-lejart-ervenyessegu-novenyvedo-szerek,2026-08-25T08:58:00.869675+00:00,eltarthatósági idő végéig,párhuzamos engedély (Ref: Basagran 480 SL)
Calypso (származási o.: Olaszország),HU,not_applicable,2019-03-21,2021-02-03,Nébih visszavont/lejárt lista; engedély típusa: párhuzamos engedély (Ref: Calypso 480 SC); engedély érvényessége: 2019. március 21.; kereskedelmi türelmi idő: 2019. szeptember 30.; felhasználási türelmi idő: 2021.02.03.,https://portal.nebih.gov.hu/visszavont-es-lejart-ervenyessegu-novenyvedo-szerek,2026-08-25T08:58:00.869692+00:00,2021.02.03.,párhuzamos engedély (Ref: Calypso 480 SC)
Amistar Xtra (származási o.: Horvátország),HU,unknown,2019-04-30,,Nébih visszavont/lejárt lista; engedély típusa: párhuzamos engedély (Ref: Mirador Xtra); engedély érvényessége: 2019. április 30.; kereskedelmi türelmi idő: 2019. október 31.; felhasználási türelmi idő: eltarthatósági idő végéig,https://portal.nebih.gov.hu/visszavont-es-lejart-ervenyessegu-novenyvedo-szerek,2026-08-25T08:58:00.869706+00:00,eltarthatósági idő végéig,párhuzamos engedély (Ref: Mirador Xtra)
Amistar Xtra (származási o.: Románia),HU,unknown,2019-04-30,,Nébih visszavont/lejárt lista; engedély típusa: párhuzamos engedély (Ref: Mirador Xtra); engedély érvényessége: 2019. április 30.; kereskedelmi türelmi idő: 2019. október 31.; felhasználási türelmi idő: eltarthatósági idő végéig,https://portal.nebih.gov.hu/visszavont-es-lejart-ervenyessegu-novenyvedo-szerek,2026-08-25T08:58:00.869718+00:00,eltarthatósági idő végéig,párhuzamos engedély (Ref: Mirador Xtra)
Plenum (eng.tul.: Syngenta),HU,not_applicable,2018-06-30,2020-01-30,Nébih visszavont/lejárt lista; engedély típusa: származtatott engedély (Ref: Chess 50 WG); engedély érvényessége: 2018. június 30.; kereskedelmi türelmi idő: 2019. október 30.; felhasználási türelmi idő: 2020. január 30.,https://portal.nebih.gov.hu/visszavont-es-lejart-ervenyessegu-novenyvedo-szerek,2026-08-25T08:58:00.869733+00:00,2020. január 30.,származtatott engedély (Ref: Chess 50 WG)
Reglone,HU,not_applicable,2019-05-04,2020-02-04,Nébih visszavont/lejárt lista; engedély típusa: alapengedély; engedély érvényessége: 2019. május 4.; kereskedelmi türelmi idő: 2019. november 4.; felhasználási türelmi idő: 2020. február 4.,https://portal.nebih.gov.hu/visszavont-es-lejart-ervenyessegu-novenyvedo-szerek,2026-08-25T08:58:00.869747+00:00,2020. február 4.,alapengedély
Dragoon,HU,not_applicable,2019-05-04,2020-02-04,Nébih visszavont/lejárt lista; engedély típusa: származtatott engedély (Ref: Reglone); engedély érvényessége: 2019. május 4.; kereskedelmi türelmi idő: 2019. november 4.; felhasználási türelmi idő: 2020. február 4.,https://portal.nebih.gov.hu/visszavont-es-lejart-ervenyessegu-novenyvedo-szerek,2026-08-25T08:58:00.869760+00:00,2020. február 4.,származtatott engedély (Ref: Reglone)
Agria Diquat (származási o.: Németország),HU,not_applicable,2019-05-04,2020-02-04,Nébih visszavont/lejárt lista; engedély típusa: párhuzamos engedély (Ref: Reglone); engedély érvényessége: 2019. május 4.; kereskedelmi türelmi idő: 2019. november 4.; felhasználási türelmi idő: 2020. február 4.,https://portal.nebih.gov.hu/visszavont-es-lejart-ervenyessegu-novenyvedo-szerek,2026-08-25T08:58:00.869777+00:00,2020. február 4.,párhuzamos engedély (Ref: Reglone)
Reglone Air,HU,not_applicable,2019-05-04,2020-02-04,Nébih visszavont/lejárt lista; engedély típusa: alapengedély; engedély érvényessége: 2019. május 4.; kereskedelmi türelmi idő: 2019. november 4.; felhasználási türelmi idő: 2020. február 4.,https://portal.nebih.gov.hu/visszavont-es-lejart-ervenyessegu-novenyvedo-szerek,2026-08-25T08:58:00.869790+00:00,2020. február 4.,alapengedély
Dessix R,HU,not_applicable,2019-05-04,2020-02-04,Nébih visszavont/lejárt lista; engedély típusa: származtatott engedély (Ref: Reglone Air); engedély érvényessége: 2019. május 4.; kereskedelmi türelmi idő: 2019. november 4.; felhasználási türelmi idő: 2020. február 4.,https://portal.nebih.gov.hu/visszavont-es-lejart-ervenyessegu-novenyvedo-szerek,2026-08-25T08:58:00.869804+00:00,2020. február 4.,származtatott engedély (Ref: Reglone Air)
Retro R,HU,not_applicable,2019-05-04,2020-02-04,Nébih visszavont/lejárt lista; engedély típusa: származtatott engedély (Ref: Reglone Air); engedély érvényessége: 2019. május 4.; kereskedelmi türelmi idő: 2019. november 4.; felhasználási türelmi idő: 2020. február 4.,https://portal.nebih.gov.hu/visszavont-es-lejart-ervenyessegu-novenyvedo-szerek,2026-08-25T08:58:00.869819+00:00,2020. február 4.,származtatott engedély (Ref: Reglone Air)
Dessicash 20 SL,HU,not_applicable,2019-05-04,2020-02-04,Nébih visszavont/lejárt lista; engedély típusa: alapengedély; engedély érvényessége: 2019. május 4.; kereskedelmi türelmi idő: 2019. november 4.; felhasználási türelmi idő: 2020. február 4.,https://portal.nebih.gov.hu/visszavont-es-lejart-ervenyessegu-novenyvedo-szerek,2026-08-25T08:58:00.869834+00:00,2020. február 4.,alapengedély
Air-one,HU,not_applicable,2019-05-04,2020-02-04,Nébih visszavont/lejárt lista; engedély típusa: származtatott engedély (Ref: Dessicash 20 SL); engedély érvényessége: 2019. május 4.; kereskedelmi türelmi idő: 2019. november 4.; felhasználási türelmi idő: 2020. február 4.,https://portal.nebih.gov.hu/visszavont-es-lejart-ervenyessegu-novenyvedo-szerek,2026-08-25T08:58:00.869847+00:00,2020. február 4.,származtatott engedély (Ref: Dessicash 20 SL)
Di-Gold,HU,not_applicable,2019-05-04,2020-02-04,Nébih visszavont/lejárt lista; engedély típusa: származtatott engedély (Ref: Dessicash 20 SL); engedély érvényessége: 2019. május 4.; kereskedelmi türelmi idő: 2019. november 4.; felhasználási türelmi idő: 2020. február 4.,https://portal.nebih.gov.hu/visszavont-es-lejart-ervenyessegu-novenyvedo-szerek,2026-08-25T08:58:00.869863+00:00,2020. február 4.,származtatott engedély (Ref: Dessicash 20 SL)
Maxima,HU,not_applicable,2019-05-04,2020-02-04,Nébih visszavont/lejárt lista; engedély típusa: származtatott engedély (Ref: Dessicash 20 SL); engedély érvényessége: 2019. május 4.; kereskedelmi türelmi idő: 2019. november 4.; felhasználási türelmi idő: 2020. február 4.,https://portal.nebih.gov.hu/visszavont-es-lejart-ervenyessegu-novenyvedo-szerek,2026-08-25T08:58:00.869877+00:00,2020. február 4.,származtatott engedély (Ref: Dessicash 20 SL)
Ruler,HU,not_applicable,2019-05-04,2020-02-04,Nébih visszavont/lejárt lista; engedély típusa: származtatott engedély (Ref: Dessicash 20 SL); engedély érvényessége: 2019. május 4.; kereskedelmi türelmi idő: 2019. november 4.; felhasználási türelmi idő: 2020. február 4.,https://portal.nebih.gov.hu/visszavont-es-lejart-ervenyessegu-novenyvedo-szerek,2026-08-25T08:58:00.869889+00:00,2020. február 4.,származtatott engedély (Ref: Dessicash 20 SL)
Diquash 200 SL,HU,not_applicable,2019-05-04,2020-02-04,Nébih visszavont/lejárt lista; engedély típusa: származtatott engedély (Ref: Dessicash 20 SL); engedély érvényessége: 2019. május 4.; kereskedelmi türelmi idő: 2019. november 4.; felhasználási türelmi idő: 2020. február 4.,https://portal.nebih.gov.hu/visszavont-es-lejart-ervenyessegu-novenyvedo-szerek,2026-08-25T08:58:00.869903+00:00,2020. február 4.,származtatott engedély (Ref: Dessicash 20 SL)
Diqua(származási o.: Ausztria),HU,not_applicable,2019-05-04,2020-02-04,Nébih visszavont/lejárt lista; engedély típusa: párhuzamos engedély (Ref: Dessicash 20 SL); engedély érvényessége: 2019. május 4.; kereskedelmi türelmi idő: 2019. november 4.; felhasználási türelmi idő: 2020. február 4.,https://portal.nebih.gov.hu/visszavont-es-lejart-ervenyessegu-novenyvedo-szerek,2026-08-25T08:58:00.869919+00:00,2020. február 4.,párhuzamos engedély (Ref: Dessicash 20 SL)
Mission,HU,not_applicable,2019-05-04,2020-02-04,Nébih visszavont/lejárt lista; engedély típusa: alapengedély; engedély érvényessége: 2019. május 4.; kereskedelmi türelmi idő: 2019. november 4.; felhasználási türelmi idő: 2020. február 4.,https://portal.nebih.gov.hu/visszavont-es-lejart-ervenyessegu-novenyvedo-szerek,2026-08-25T08:58:00.869931+00:00,2020. február 4.,alapengedély
UPL Diquat,HU,not_applicable,2019-05-04,2020-02-04,Nébih visszavont/lejárt lista; engedély típusa: származtatott engedély(Ref: Mission); engedély érvényessége: 2019. május 4.; kereskedelmi türelmi idő: 2019. november 4.; felhasználási türelmi idő: 2020. február 4.,https://portal.nebih.gov.hu/visszavont-es-lejart-ervenyessegu-novenyvedo-szerek,2026-08-25T08:58:00.869944+00:00,2020. február 4.,származtatott engedély(Ref: Mission)
Solaris,HU,not_applicable,2019-05-04,2020-02-04,Nébih visszavont/lejárt lista; engedély típusa: alapengedély; engedély érvényessége: 2019. május 4.; kereskedelmi türelmi idő: 2019. november 4.; felhasználási türelmi idő: 2020. február 4.,https://portal.nebih.gov.hu/visszavont-es-lejart-ervenyessegu-novenyvedo-szerek,2026-08-25T08:58:00.869957+00:00,2020. február 4.,alapengedély
Solaris (származási o.: Ausztria),HU,not_applicable,2019-05-04,2020-02-04,Nébih visszavont/lejárt lista; engedély típusa: párhuzamos engedély (Ref: Solaris); engedély érvényessége: 2019. május 4.; kereskedelmi türelmi idő: 2019. november 4.; felhasználási türelmi idő: 2020. február 4.,https://portal.nebih.gov.hu/visszavont-es-lejart-ervenyessegu-novenyvedo-szerek,2026-08-25T08:58:00.869973+00:00,2020. február 4.,párhuzamos engedély (Ref: Solaris)
Solaris (származási o.: Belgium),HU,not_applicable,2019-05-04,2020-02-04,Nébih visszavont/lejárt lista; engedély típusa: párhuzamos engedély(Ref: Solaris); engedély érvényessége: 2019. május 4.; kereskedelmi türelmi idő: 2019. november 4.; felhasználási türelmi idő: 2020. február 4.,https://portal.nebih.gov.hu/visszavont-es-lejart-ervenyessegu-novenyvedo-szerek,2026-08-25T08:58:00.869986+00:00,2020. február 4.,párhuzamos engedély(Ref: Solaris)
Mogeton 25 WP,HU,not_applicable,2019-12-31,2021-06-30,Nébih visszavont/lejárt lista; engedély típusa: alapengedély; engedély érvényessége: 2019. december 31.; kereskedelmi türelmi idő: 2020. június 30.; felhasználási türelmi idő: 2021. június 30.,https://portal.nebih.gov.hu/visszavont-es-lejart-ervenyessegu-novenyvedo-szerek,2026-08-25T08:58:00.870000+00:00,2021. június 30.,alapengedély
Bumper 25 EC,HU,not_applicable,2019-06-19,2020-03-19,Nébih visszavont/lejárt lista; engedély típusa: alapengedély; engedély érvényessége: 2019. június 19.; kereskedelmi türelmi idő: 2019. december 19.; felhasználási türelmi idő: 2020. március 19.,https://portal.nebih.gov.hu/visszavont-es-lejart-ervenyessegu-novenyvedo-szerek,2026-08-25T08:58:00.870013+00:00,2020. március 19.,alapengedély
Agria Propiconazol (származási o.: Németország),HU,not_applicable,2019-06-19,2020-03-19,Nébih visszavont/lejárt lista; engedély típusa: párhuzamos engedély (Ref: Bumper 25 EC); engedély érvényessége: 2019. június 19.; kereskedelmi türelmi idő: 2019. december 19.; felhasználási türelmi idő: 2020. március 19.,https://portal.nebih.gov.hu/visszavont-es-lejart-ervenyessegu-novenyvedo-szerek,2026-08-25T08:58:00.870029+00:00,2020. március 19.,párhuzamos engedély (Ref: Bumper 25 EC)
Bumper 25 EC (származási o.: Románia),HU,not_applicable,2019-06-19,2020-03-19,Nébih visszavont/lejárt lista; engedély típusa: párhuzamos engedély (Ref: Bumper 25 EC); engedély érvényessége: 2019. június 19.; kereskedelmi türelmi idő: 2019. december 19.; felhasználási türelmi idő: 2020. március 19.,https://portal.nebih.gov.hu/visszavont-es-lejart-ervenyessegu-novenyvedo-szerek,2026-08-25T08:58:00.870047+00:00,2020. március 19.,párhuzamos engedély (Ref: Bumper 25 EC)
Bumper Super,HU,not_applicable,2019-06-19,2020-03-19,Nébih visszavont/lejárt lista; engedély típusa: alapengedély; engedély érvényessége: 2019. június 19.; kereskedelmi türelmi idő: 2019. december 19.; felhasználási türelmi idő: 2020. március 19.,https://portal.nebih.gov.hu/visszavont-es-lejart-ervenyessegu-novenyvedo-szerek,2026-08-25T08:58:00.870061+00:00,2020. március 19.,alapengedély
Artea 330 EC,HU,not_applicable,2019-06-19,2020-03-19,Nébih visszavont/lejárt lista; engedély típusa: alapengedély; engedély érvényessége: 2019. június 19.; kereskedelmi türelmi idő: 2019. december 19.; felhasználási türelmi idő: 2020. március 19.,https://portal.nebih.gov.hu/visszavont-es-lejart-ervenyessegu-novenyvedo-szerek,2026-08-25T08:58:00.870074+00:00,2020. március 19.,alapengedély
Pannon 330 EC,HU,not_applicable,2019-06-19,2020-03-19,Nébih visszavont/lejárt lista; engedély típusa: származtatott engedély (Ref: Artea 330 EC); engedély érvényessége: 2019. június 19.; kereskedelmi türelmi idő: 2019. december 19.; felhasználási türelmi idő: 2020. március 19.,https://portal.nebih.gov.hu/visszavont-es-lejart-ervenyessegu-novenyvedo-szerek,2026-08-25T08:58:00.870087+00:00,2020. március 19.,származtatott engedély (Ref: Artea 330 EC)
Artea 330 EC,HU,not_applicable,2019-06-19,2020-03-19,Nébih visszavont/lejárt lista; engedély típusa: párhuzamos engedély (Ref: Artea 330 EC); engedély érvényessége: 2019. június 19.; kereskedelmi türelmi idő: 2019. december 19.; felhasználási türelmi idő: 2020. március 19.,https://portal.nebih.gov.hu/visszavont-es-lejart-ervenyessegu-novenyvedo-szerek,2026-08-25T08:58:00.870100+00:00,2020. március 19.,párhuzamos engedély (Ref: Artea 330 EC)
Bolt XL,HU,not_applicable,2019-06-19,2020-03-19,Nébih visszavont/lejárt lista; engedély típusa: alapengedély; engedély érvényessége: 2019. június 19.; kereskedelmi türelmi idő: 2019. december 19.; felhasználási türelmi idő: 2020. március 19.,https://portal.nebih.gov.hu/visszavont-es-lejart-ervenyessegu-novenyvedo-szerek,2026-08-25T08:58:00.870113+00:00,2020. március 19.,alapengedély
Cherokee,HU,not_applicable,2019-06-19,2020-03-19,Nébih visszavont/lejárt lista; engedély típusa: alapengedély; engedély érvényessége: 2019. június 19.; kereskedelmi türelmi idő: 2019. december 19.; felhasználási türelmi idő: 2020. március 19.,https://portal.nebih.gov.hu/visszavont-es-lejart-ervenyessegu-novenyvedo-szerek,2026-08-25T08:58:00.870126+00:00,2020. március 19.,alapengedély
Cherokee (származási o.: Bulgária),HU,not_applicable,2019-06-19,2020-03-19,Nébih visszavont/lejárt lista; engedély típusa: párhuzamos engedély (Ref: Cherokee); engedély érvényessége: 2019. június 19.; kereskedelmi türelmi idő: 2019. december 19.; felhasználási türelmi idő: 2020. március 19.,https://portal.nebih.gov.hu/visszavont-es-lejart-ervenyessegu-novenyvedo-szerek,2026-08-25T08:58:00.870139+00:00,2020. március 19.,párhuzamos engedély (Ref: Cherokee)
Difure Pro,HU,not_applicable,2019-06-19,2020-03-19,Nébih visszavont/lejárt lista; engedély típusa: alapengedély; engedély érvényessége: 2019. június 19.; kereskedelmi türelmi idő: 2019. december 19.; felhasználási türelmi idő: 2020. március 19.,https://portal.nebih.gov.hu/visszavont-es-lejart-ervenyessegu-novenyvedo-szerek,2026-08-25T08:58:00.870154+00:00,2020. március 19.,alapengedély
Quilt Xcel,HU,not_applicable,2019-06-19,2020-03-19,Nébih visszavont/lejárt lista; engedély típusa: alapengedély; engedély érvényessége: 2019. június 19.; kereskedelmi türelmi idő: 2019. december 19.; felhasználási türelmi idő: 2020. március 19.,https://portal.nebih.gov.hu/visszavont-es-lejart-ervenyessegu-novenyvedo-szerek,2026-08-25T08:58:00.870167+00:00,2020. március 19.,alapengedély
Propi 25 EC,HU,not_applicable,2019-06-19,2020-03-19,Nébih visszavont/lejárt lista; engedély típusa: alapengedély; engedély érvényessége: 2019. június 19.; kereskedelmi türelmi idő: 2019. december 19.; felhasználási türelmi idő: 2020. március 19.,https://portal.nebih.gov.hu/visszavont-es-lejart-ervenyessegu-novenyvedo-szerek,2026-08-25T08:58:00.870182+00:00,2020. március 19.,alapengedély
Agria Propi (származási o.: Ausztria),HU,not_applicable,2019-06-19,2020-03-19,Nébih visszavont/lejárt lista; engedély típusa: párhuzamos engedély (Ref: Propi 25 EC); engedély érvényessége: 2019. június 19.; kereskedelmi türelmi idő: 2019. december 19.; felhasználási türelmi idő: 2020. március 19.,https://portal.nebih.gov.hu/visszavont-es-lejart-ervenyessegu-novenyvedo-szerek,2026-08-25T08:58:00.870195+00:00,2020. március 19.,párhuzamos engedély (Ref: Propi 25 EC)
Rally Q SC,HU,not_applicable,2019-06-27,2020-03-27,Nébih visszavont/lejárt lista; engedély típusa: alapengedély; engedély érvényessége: 2019. június 27.; kereskedelmi türelmi idő: 2019. december 27.; felhasználási türelmi idő: 2020. március 27.,https://portal.nebih.gov.hu/visszavont-es-lejart-ervenyessegu-novenyvedo-szerek,2026-08-25T08:58:00.870208+00:00,2020. március 27.,alapengedély
Diadem Q,HU,not_applicable,2019-06-27,2020-03-27,Nébih visszavont/lejárt lista; engedély típusa: származtatott engedély (Ref: Rally Q SC); engedély érvényessége: 2019. június 27.; kereskedelmi türelmi idő: 2019. december 27.; felhasználási türelmi idő: 2020. március 27.,https://portal.nebih.gov.hu/visszavont-es-lejart-ervenyessegu-novenyvedo-szerek,2026-08-25T08:58:00.870223+00:00,2020. március 27.,származtatott engedély (Ref: Rally Q SC)
Salsa 75 DF,HU,not_applicable,2019-06-30,2020-12-31,Nébih visszavont/lejárt lista; engedély típusa: alapengedély; engedély érvényessége: 2019. június 30.; kereskedelmi türelmi idő: 2019. december 31.; felhasználási türelmi idő: 2020. december 31.,https://portal.nebih.gov.hu/visszavont-es-lejart-ervenyessegu-novenyvedo-szerek,2026-08-25T08:58:00.870238+00:00,2020. december 31.,alapengedély
Troy 480,HU,unknown,2019-06-30,,Nébih visszavont/lejárt lista; engedély típusa: alapengedély; engedély érvényessége: 2019. június 30.; kereskedelmi türelmi idő: 2019. december 31.; felhasználási türelmi idő: eltarthatósági idő végéig,https://portal.nebih.gov.hu/visszavont-es-lejart-ervenyessegu-novenyvedo-szerek,2026-08-25T08:58:00.870250+00:00,eltarthatósági idő végéig,alapengedély
Agrichem Bentazon,HU,unknown,2019-06-30,,Nébih visszavont/lejárt lista; engedély típusa: származtatott engedély (Ref: Troy 480); engedély érvényessége: 2019. június 30.; kereskedelmi türelmi idő: 2019. december 31.; felhasználási türelmi idő: eltarthatósági idő végéig,https://portal.nebih.gov.hu/visszavont-es-lejart-ervenyessegu-novenyvedo-szerek,2026-08-25T08:58:00.870262+00:00,eltarthatósági idő végéig,származtatott engedély (Ref: Troy 480)
Troy Extra (származási o.: Anglia),HU,unknown,2019-06-30,,Nébih visszavont/lejárt lista; engedély típusa: párhuzamos engedély (Ref: Troy 480); engedély érvényessége: 2019. június 30.; kereskedelmi türelmi idő: 2019. december 31.; felhasználási türelmi idő: eltarthatósági idő végéig,https://portal.nebih.gov.hu/visszavont-es-lejart-ervenyessegu-novenyvedo-szerek,2026-08-25T08:58:00.870277+00:00,eltarthatósági idő végéig,párhuzamos engedély (Ref: Troy 480)
Capitol,HU,unknown,2019-06-30,,Nébih visszavont/lejárt lista; engedély típusa: származtatott engedély (Ref: Zamir); engedély érvényessége: 2019. június 30.; kereskedelmi türelmi idő: 2019. december 31.; felhasználási türelmi idő: eltarthatósági idő végéig,https://portal.nebih.gov.hu/visszavont-es-lejart-ervenyessegu-novenyvedo-szerek,2026-08-25T08:58:00.870289+00:00,eltarthatósági idő végéig,származtatott engedély (Ref: Zamir)
West 200 SL,HU,unknown,2019-06-30,,Nébih visszavont/lejárt lista; engedély típusa: származtatott engedély (Ref: Kohinor 200 SL); engedély érvényessége: 2019. június 30.; kereskedelmi türelmi idő: 2019. december 31.; felhasználási türelmi idő: eltarthatósági idő végéig,https://portal.nebih.gov.hu/visszavont-es-lejart-ervenyessegu-novenyvedo-szerek,2026-08-25T08:58:00.870301+00:00,eltarthatósági idő végéig,származtatott engedély (Ref: Kohinor 200 SL)
Trek P,HU,unknown,2019-07-31,,Nébih visszavont/lejárt lista; engedély típusa: alapengedély; engedély érvényessége: 2019. július 31.; kereskedelmi türelmi idő: 2020. január 31.; felhasználási türelmi idő: eltarthatósági idő végéig,https://portal.nebih.gov.hu/visszavont-es-lejart-ervenyessegu-novenyvedo-szerek,2026-08-25T08:58:00.870313+00:00,eltarthatósági idő végéig,alapengedély
Pendigan 330 EC,HU,unknown,2019-07-31,,Nébih visszavont/lejárt lista; engedély típusa: alapengedély; engedély érvényessége: 2019. július 31.; kereskedelmi türelmi idő: 2020. január 31.; felhasználási türelmi idő: eltarthatósági idő végéig,https://portal.nebih.gov.hu/visszavont-es-lejart-ervenyessegu-novenyvedo-szerek,2026-08-25T08:58:00.870332+00:00,eltarthatósági idő végéig,alapengedély
Aurora Super SG,HU,unknown,2019-07-31,,Nébih visszavont/lejárt lista; engedély típusa: alapengedély; engedély érvényessége: 2019. július 31.; kereskedelmi türelmi idő: 2020. január 31.; felhasználási türelmi idő: eltarthatósági idő végéig,https://portal.nebih.gov.hu/visszavont-es-lejart-ervenyessegu-novenyvedo-szerek,2026-08-25T08:58:00.870344+00:00,eltarthatósági idő végéig,alapengedély
Critox füstpatron rágcsálóirtó szer,HU,unknown,2019-08-24,,"Nébih visszavont/lejárt lista; engedély típusa: alapengedély; engedély érvényessége: 2019. augusztus 24.; kereskedelmi türelmi idő: ügyfél, ill. hazai képviselet:2020. február 28. nagy-és kiskereskedők: 2020. augusztus 28.; felhasználási türelmi idő: eltarthatósági idő végéig",https://portal.nebih.gov.hu/visszavont-es-lejart-ervenyessegu-novenyvedo-szerek,2026-08-25T08:58:00.870357+00:00,eltarthatósági idő végéig,alapengedély
Topp 500,HU,not_applicable,2019-11-20,2020-05-20,Nébih visszavont/lejárt lista; engedély típusa: alapengedély; engedély érvényessége: 2019. november 20.; kereskedelmi türelmi idő: 2020. május 20.; felhasználási türelmi idő: 2020. május 20.,https://portal.nebih.gov.hu/visszavont-es-lejart-ervenyessegu-novenyvedo-szerek,2026-08-25T08:58:00.870372+00:00,2020. május 20.,alapengedély
Mycostar,HU,not_applicable,2019-11-20,2020-05-20,Nébih visszavont/lejárt lista; engedély típusa: származtatott engedély (Ref: Bravo 500); engedély érvényessége: 2019. november 20.; kereskedelmi türelmi idő: 2020. május 20.; felhasználási türelmi idő: 2020. május 20.,https://portal.nebih.gov.hu/visszavont-es-lejart-ervenyessegu-novenyvedo-szerek,2026-08-25T08:58:00.870385+00:00,2020. május 20.,származtatott engedély (Ref: Bravo 500)
Bravo 500,HU,not_applicable,2019-11-20,2020-05-20,Nébih visszavont/lejárt lista; engedély típusa: alapengedély; engedély érvényessége: 2019. november 20.; kereskedelmi türelmi idő: 2020. május 20.; felhasználási türelmi idő: 2020. május 20.,https://portal.nebih.gov.hu/visszavont-es-lejart-ervenyessegu-novenyvedo-szerek,2026-08-25T08:58:00.870398+00:00,2020. május 20.,alapengedély
Amistar Opti 480 SC,HU,not_applicable,2019-11-20,2020-05-20,Nébih visszavont/lejárt lista; engedély típusa: alapengedély; engedély érvényessége: 2019. november 20.; kereskedelmi türelmi idő: 2020. május 20.; felhasználási türelmi idő: 2020. május 20.,https://portal.nebih.gov.hu/visszavont-es-lejart-ervenyessegu-novenyvedo-szerek,2026-08-25T08:58:00.870410+00:00,2020. május 20.,alapengedély
Fezan Plus,HU,not_applicable,2019-11-20,2020-05-20,Nébih visszavont/lejárt lista; engedély típusa: alapengedély; engedély érvényessége: 2019. november 20.; kereskedelmi türelmi idő: 2020. május 20.; felhasználási türelmi idő: 2020. május 20.,https://portal.nebih.gov.hu/visszavont-es-lejart-ervenyessegu-novenyvedo-szerek,2026-08-25T08:58:00.870423+00:00,2020. május 20.,alapengedély
Mixanil,HU,not_applicable,2019-11-20,2020-05-20,Nébih visszavont/lejárt lista; engedély típusa: alapengedély; engedély érvényessége: 2019. november 20.; kereskedelmi türelmi idő: 2020. május 20.; felhasználási türelmi idő: 2020. május 20.,https://portal.nebih.gov.hu/visszavont-es-lejart-ervenyessegu-novenyvedo-szerek,2026-08-25T08:58:00.870438+00:00,2020. május 20.,alapengedély
Emerald Star,HU,not_applicable,2019-11-20,2020-05-20,Nébih visszavont/lejárt lista; engedély típusa: alapengedély; engedély érvényessége: 2019. november 20.; kereskedelmi türelmi idő: 2020. május 20.; felhasználási türelmi idő: 2020. május 20.,https://portal.nebih.gov.hu/visszavont-es-lejart-ervenyessegu-novenyvedo-szerek,2026-08-25T08:58:00.870453+00:00,2020. május 20.,alapengedély
Eminent Star,HU,not_applicable,2019-11-20,2020-05-20,Nébih visszavont/lejárt lista; engedély típusa: alapengedély; engedély érvényessége: 2019. november 20.; kereskedelmi türelmi idő: 2020. május 20.; felhasználási türelmi idő: 2020. május 20.,https://portal.nebih.gov.hu/visszavont-es-lejart-ervenyessegu-novenyvedo-szerek,2026-08-25T08:58:00.870465+00:00,2020. május 20.,alapengedély
Ventus,HU,not_applicable,2019-11-20,2020-05-20,Nébih visszavont/lejárt lista; engedély típusa: származtatott engedély (Ref: Eminent Star); engedély érvényessége: 2019. november 20.; kereskedelmi türelmi idő: 2020. május 20.; felhasználási türelmi idő: 2020. május 20.,https://portal.nebih.gov.hu/visszavont-es-lejart-ervenyessegu-novenyvedo-szerek,2026-08-25T08:58:00.870480+00:00,2020. május 20.,származtatott engedély (Ref: Eminent Star)
Timpani,HU,not_applicable,2019-11-20,2020-05-20,Nébih visszavont/lejárt lista; engedély típusa: alapengedély; engedély érvényessége: 2019. november 20.; kereskedelmi türelmi idő: 2020. május 20.; felhasználási türelmi idő: 2020. május 20.,https://portal.nebih.gov.hu/visszavont-es-lejart-ervenyessegu-novenyvedo-szerek,2026-08-25T08:58:00.870493+00:00,2020. május 20.,alapengedély
Avoca Super,HU,not_applicable,2019-11-20,2020-05-20,Nébih visszavont/lejárt lista; engedély típusa: származtatott engedély (Ref: Proceed); engedély érvényessége: 2019. november 20.; kereskedelmi türelmi idő: 2020. május 20.; felhasználási türelmi idő: 2020. május 20.,https://portal.nebih.gov.hu/visszavont-es-lejart-ervenyessegu-novenyvedo-szerek,2026-08-25T08:58:00.870508+00:00,2020. május 20.,származtatott engedély (Ref: Proceed)
Bravo 500 (származási o.: Nagy-Briannia),HU,not_applicable,2019-11-20,2020-05-20,Nébih visszavont/lejárt lista; engedély típusa: párhuzamos engedély (Ref: Bravo 500); engedély érvényessége: 2019. november 20.; kereskedelmi türelmi idő: 2020. május 20.; felhasználási türelmi idő: 2020. május 20.,https://portal.nebih.gov.hu/visszavont-es-lejart-ervenyessegu-novenyvedo-szerek,2026-08-25T08:58:00.870523+00:00,2020. május 20.,párhuzamos engedély (Ref: Bravo 500)
Bravo 500 (származási o.: Németo.),HU,not_applicable,2018-12-31,2020-05-20,Nébih visszavont/lejárt lista; engedély típusa: párhuzamos engedély (Ref: Bravo 500); engedély érvényessége: 2018. december 31.; kereskedelmi türelmi idő: 2020. május 20.; felhasználási türelmi idő: 2020. május 20.,https://portal.nebih.gov.hu/visszavont-es-lejart-ervenyessegu-novenyvedo-szerek,2026-08-25T08:58:00.870536+00:00,2020. május 20.,párhuzamos engedély (Ref: Bravo 500)
Attrade Klortalonil 500 SC,HU,not_applicable,2018-12-31,2020-05-20,Nébih visszavont/lejárt lista; engedély típusa: párhuzamos engedély (Ref: Bravo 500); engedély érvényessége: 2018. december 31.; kereskedelmi türelmi idő: 2020. május 20.; felhasználási türelmi idő: 2020. május 20.,https://portal.nebih.gov.hu/visszavont-es-lejart-ervenyessegu-novenyvedo-szerek,2026-08-25T08:58:00.870566+00:00,2020. május 20.,párhuzamos engedély (Ref: Bravo 500)
Beetup Compact SC,HU,not_applicable,2020-01-01,2020-07-01,Nébih visszavont/lejárt lista; engedély típusa: alapengedély; engedély érvényessége: 2020. január 01.; kereskedelmi türelmi idő: 2020. július 01.; felhasználási türelmi idő: 2020. július 01.,https://portal.nebih.gov.hu/visszavont-es-lejart-ervenyessegu-novenyvedo-szerek,2026-08-25T08:58:00.870586+00:00,2020. július 01.,alapengedély
Beetup Trio SC,HU,not_applicable,2020-01-01,2020-07-01,Nébih visszavont/lejárt lista; engedély típusa: alapengedély; engedély érvényessége: 2020. január 01.; kereskedelmi türelmi idő: 2020. július 01.; felhasználási türelmi idő: 2020. július 01.,https://portal.nebih.gov.hu/visszavont-es-lejart-ervenyessegu-novenyvedo-szerek,2026-08-25T08:58:00.870599+00:00,2020. július 01.,alapengedély
Belvedere Forte,HU,not_applicable,2020-01-01,2020-07-01,Nébih visszavont/lejárt lista; engedély típusa: alapengedély; engedély érvényessége: 2020. január 01.; kereskedelmi türelmi idő: 2020. július 01.; felhasználási türelmi idő: 2020. július 01.,https://portal.nebih.gov.hu/visszavont-es-lejart-ervenyessegu-novenyvedo-szerek,2026-08-25T08:58:00.870612+00:00,2020. július 01.,alapengedély
Belvedere,HU,not_applicable,2020-01-01,2020-07-01,Nébih visszavont/lejárt lista; engedély típusa: alapengedély; engedély érvényessége: 2020. január 01.; kereskedelmi türelmi idő: 2020. július 01.; felhasználási türelmi idő: 2020. július 01.,https://portal.nebih.gov.hu/visszavont-es-lejart-ervenyessegu-novenyvedo-szerek,2026-08-25T08:58:00.870625+00:00,2020. július 01.,alapengedély
Betanal Expert,HU,not_applicable,2020-01-01,2020-07-01,Nébih visszavont/lejárt lista; engedély típusa: alapengedély; engedély érvényessége: 2020. január 01.; kereskedelmi türelmi idő: 2020. július 01.; felhasználási türelmi idő: 2020. július 01.,https://portal.nebih.gov.hu/visszavont-es-lejart-ervenyessegu-novenyvedo-szerek,2026-08-25T08:58:00.870638+00:00,2020. július 01.,alapengedély
Beatanal maxxPro,HU,not_applicable,2020-01-01,2020-07-01,Nébih visszavont/lejárt lista; engedély típusa: alapengedély; engedély érvényessége: 2020. január 01.; kereskedelmi türelmi idő: 2020. július 01.; felhasználási türelmi idő: 2020. július 01.,https://portal.nebih.gov.hu/visszavont-es-lejart-ervenyessegu-novenyvedo-szerek,2026-08-25T08:58:00.870652+00:00,2020. július 01.,alapengedély
Danadim Progress,HU,not_applicable,2020-01-17,2020-07-17,Nébih visszavont/lejárt lista; engedély típusa: alapengedély; engedély érvényessége: 2020. január 17.; kereskedelmi türelmi idő: 2020. július 17.; felhasználási türelmi idő: 2020. július 17.,https://portal.nebih.gov.hu/visszavont-es-lejart-ervenyessegu-novenyvedo-szerek,2026-08-25T08:58:00.870668+00:00,2020. július 17.,alapengedély
Dimetoát Progress,HU,not_applicable,2020-01-17,2020-07-17,Nébih visszavont/lejárt lista; engedély típusa: származtatott engedély (Ref: Danadim Progress); engedély érvényessége: 2020. január 17.; kereskedelmi türelmi idő: 2020. július 17.; felhasználási türelmi idő: 2020. július 17.,https://portal.nebih.gov.hu/visszavont-es-lejart-ervenyessegu-novenyvedo-szerek,2026-08-25T08:58:00.870681+00:00,2020. július 17.,származtatott engedély (Ref: Danadim Progress)
Criptic 400 SC,HU,not_applicable,2020-01-08,2020-10-08,Nébih visszavont/lejárt lista; engedély típusa: alapengedély; engedély érvényessége: 2020. január 08.; kereskedelmi türelmi idő: 2020. október 08.; felhasználási türelmi idő: 2020. október 08.,https://portal.nebih.gov.hu/visszavont-es-lejart-ervenyessegu-novenyvedo-szerek,2026-08-25T08:58:00.870696+00:00,2020. október 08.,alapengedély
Gro Stop Basis,HU,not_applicable,2020-01-08,2020-10-08,Nébih visszavont/lejárt lista; engedély típusa: alapengedély; engedély érvényessége: 2020. január 08.; kereskedelmi türelmi idő: 2020. október 08.; felhasználási türelmi idő: 2020. október 08.,https://portal.nebih.gov.hu/visszavont-es-lejart-ervenyessegu-novenyvedo-szerek,2026-08-25T08:58:00.870709+00:00,2020. október 08.,alapengedély
Gro Stop Fog,HU,not_applicable,2020-01-08,2020-10-08,Nébih visszavont/lejárt lista; engedély típusa: alapengedély; engedély érvényessége: 2020. január 08.; kereskedelmi türelmi idő: 2020. október 08.; felhasználási türelmi idő: 2020. október 08.,https://portal.nebih.gov.hu/visszavont-es-lejart-ervenyessegu-novenyvedo-szerek,2026-08-25T08:58:00.870724+00:00,2020. október 08.,alapengedély
Gro Stop HN,HU,not_applicable,2020-01-08,2020-10-08,Nébih visszavont/lejárt lista; engedély típusa: alapengedély; engedély érvényessége: 2020. január 08.; kereskedelmi türelmi idő: 2020. október 08.; felhasználási türelmi idő: 2020. október 08.,https://portal.nebih.gov.hu/visszavont-es-lejart-ervenyessegu-novenyvedo-szerek,2026-08-25T08:58:00.870737+00:00,2020. október 08.,alapengedély
Neo Stop 120 RTU,HU,not_applicable,2020-01-08,2020-10-08,Nébih visszavont/lejárt lista; engedély típusa: alapengedély; engedély érvényessége: 2020. január 08.; kereskedelmi türelmi idő: 2020. október 08.; felhasználási türelmi idő: 2020. október 08.,https://portal.nebih.gov.hu/visszavont-es-lejart-ervenyessegu-novenyvedo-szerek,2026-08-25T08:58:00.870750+00:00,2020. október 08.,alapengedély
Neo Stop L 500,HU,not_applicable,2020-01-08,2020-10-08,Nébih visszavont/lejárt lista; engedély típusa: alapengedély; engedély érvényessége: 2020. január 08.; kereskedelmi türelmi idő: 2020. október 08.; felhasználási türelmi idő: 2020. október 08.,https://portal.nebih.gov.hu/visszavont-es-lejart-ervenyessegu-novenyvedo-szerek,2026-08-25T08:58:00.870763+00:00,2020. október 08.,alapengedély
Neo Stop,HU,not_applicable,2020-01-08,2020-10-08,Nébih visszavont/lejárt lista; engedély típusa: alapengedély; engedély érvényessége: 2020. január 08.; kereskedelmi türelmi idő: 2020. október 08.; felhasználási türelmi idő: 2020. október 08.,https://portal.nebih.gov.hu/visszavont-es-lejart-ervenyessegu-novenyvedo-szerek,2026-08-25T08:58:00.870778+00:00,2020. október 08.,alapengedély
Successor T (származási o.: Németo.),HU,unknown,2020-01-31,,Nébih visszavont/lejárt lista; engedély típusa: párhuzamos engedély (Ref: Successor T); engedély érvényessége: 2020. január 31.; kereskedelmi türelmi idő: 2020. július 31.; felhasználási türelmi idő: eltarthatósági idő végéig,https://portal.nebih.gov.hu/visszavont-es-lejart-ervenyessegu-novenyvedo-szerek,2026-08-25T08:58:00.870791+00:00,eltarthatósági idő végéig,párhuzamos engedély (Ref: Successor T)
Successor T (származási o.: Ausztria),HU,unknown,2020-01-31,,Nébih visszavont/lejárt lista; engedély típusa: párhuzamos engedély (Ref: Successor T); engedély érvényessége: 2020. január 31.; kereskedelmi türelmi idő: 2020. július 31.; felhasználási türelmi idő: eltarthatósági idő végéig,https://portal.nebih.gov.hu/visszavont-es-lejart-ervenyessegu-novenyvedo-szerek,2026-08-25T08:58:00.870806+00:00,eltarthatósági idő végéig,párhuzamos engedély (Ref: Successor T)
Tandus 200 SC,HU,unknown,2019-10-31,,Nébih visszavont/lejárt lista; engedély típusa: alapengedély; engedély érvényessége: 2019. október 31.; kereskedelmi türelmi idő: 2020. április 30.; felhasználási türelmi idő: eltarthatósági idő végéig,https://portal.nebih.gov.hu/visszavont-es-lejart-ervenyessegu-novenyvedo-szerek,2026-08-25T08:58:00.870818+00:00,eltarthatósági idő végéig,alapengedély
Apacs 50 WG,HU,not_applicable,2020-01-31,2021-07-31,Nébih visszavont/lejárt lista; engedély típusa: alapengedély; engedély érvényessége: 2020. január 31.; kereskedelmi türelmi idő: 2020. július 31.; felhasználási türelmi idő: 2021. július 31.,https://portal.nebih.gov.hu/visszavont-es-lejart-ervenyessegu-novenyvedo-szerek,2026-08-25T08:58:00.870831+00:00,2021. július 31.,alapengedély
Ellado,HU,not_applicable,2020-01-31,2021-07-31,Nébih visszavont/lejárt lista; engedély típusa: alapengedély; engedély érvényessége: 2020. január 31.; kereskedelmi türelmi idő: 2020. július 31.; felhasználási türelmi idő: 2021. július 31. (csávázás + csávázott vetőmag értékesítés + vetés),https://portal.nebih.gov.hu/visszavont-es-lejart-ervenyessegu-novenyvedo-szerek,2026-08-25T08:58:00.870850+00:00,2021. július 31. (csávázás + csávázott vetőmag értékesítés + vetés),alapengedély
Poncho 600 FS,HU,not_applicable,2020-01-31,2021-07-31,Nébih visszavont/lejárt lista; engedély típusa: alapengedély; engedély érvényessége: 2020. január 31.; kereskedelmi türelmi idő: 2020. július 31.; felhasználási türelmi idő: 2021. július 31. (csávázás + csávázott vetőmag értékesítés + vetés),https://portal.nebih.gov.hu/visszavont-es-lejart-ervenyessegu-novenyvedo-szerek,2026-08-25T08:58:00.870867+00:00,2021. július 31. (csávázás + csávázott vetőmag értékesítés + vetés),alapengedély
Poncho Beta,HU,not_applicable,2020-01-31,2021-07-31,Nébih visszavont/lejárt lista; engedély típusa: alapengedély; engedély érvényessége: 2020. január 31.; kereskedelmi türelmi idő: 2020. július 31.; felhasználási türelmi idő: 2021. július 31. (csávázás + csávázott vetőmag értékesítés + vetés),https://portal.nebih.gov.hu/visszavont-es-lejart-ervenyessegu-novenyvedo-szerek,2026-08-25T08:58:00.870888+00:00,2021. július 31. (csávázás + csávázott vetőmag értékesítés + vetés),alapengedély
Yunta Quattro,HU,not_applicable,2020-01-31,2021-07-31,Nébih visszavont/lejárt lista; engedély típusa: alapengedély; engedély érvényessége: 2020. január 31.; kereskedelmi türelmi idő: 2020. július 31.; felhasználási türelmi idő: 2021. július 31. (csávázás + csávázott vetőmag értékesítés + vetés),https://portal.nebih.gov.hu/visszavont-es-lejart-ervenyessegu-novenyvedo-szerek,2026-08-25T08:58:00.870906+00:00,2021. július 31. (csávázás + csávázott vetőmag értékesítés + vetés),alapengedély
Modesto,HU,not_applicable,2020-01-31,2021-07-31,Nébih visszavont/lejárt lista; engedély típusa: származtatott; engedély érvényessége: 2020. január 31.; kereskedelmi türelmi idő: 2020. július 31.; felhasználási türelmi idő: 2021. július 31. (csávázás + csávázott vetőmag értékesítés + vetés),https://portal.nebih.gov.hu/visszavont-es-lejart-ervenyessegu-novenyvedo-szerek,2026-08-25T08:58:00.870925+00:00,2021. július 31. (csávázás + csávázott vetőmag értékesítés + vetés),származtatott
Poncho Pro,HU,not_applicable,2020-01-31,2021-07-31,Nébih visszavont/lejárt lista; engedély típusa: származtatott; engedély érvényessége: 2020. január 31.; kereskedelmi türelmi idő: 2020. július 31.; felhasználási türelmi idő: 2021. július 31. (csávázás + csávázott vetőmag értékesítés + vetés),https://portal.nebih.gov.hu/visszavont-es-lejart-ervenyessegu-novenyvedo-szerek,2026-08-25T08:58:00.870943+00:00,2021. július 31. (csávázás + csávázott vetőmag értékesítés + vetés),származtatott
Huszár Aktív,HU,not_applicable,2019-10-31,2021-04-30,Nébih visszavont/lejárt lista; engedély típusa: alapengedély; engedély érvényessége: 2019. október 31.; kereskedelmi türelmi idő: 2020. április 30.; felhasználási türelmi idő: 2021. április 30.,https://portal.nebih.gov.hu/visszavont-es-lejart-ervenyessegu-novenyvedo-szerek,2026-08-25T08:58:00.871001+00:00,2021. április 30.,alapengedély
Amaline Flow,HU,unknown,2020-01-31,,Nébih visszavont/lejárt lista; engedély típusa: alapengedély; engedély érvényessége: 2020. január 31.; kereskedelmi türelmi idő: 2020. július 31.; felhasználási türelmi idő: eltarthatósági idő végéig,https://portal.nebih.gov.hu/visszavont-es-lejart-ervenyessegu-novenyvedo-szerek,2026-08-25T08:58:00.871014+00:00,eltarthatósági idő végéig,alapengedély
Cuprozin 35 WP,HU,unknown,2020-01-31,,Nébih visszavont/lejárt lista; engedély típusa: alapengedély; engedély érvényessége: 2020. január 31.; kereskedelmi türelmi idő: 2020. július 31.; felhasználási türelmi idő: eltarthatósági idő végéig,https://portal.nebih.gov.hu/visszavont-es-lejart-ervenyessegu-novenyvedo-szerek,2026-08-25T08:58:00.871026+00:00,eltarthatósági idő végéig,alapengedély
Curzate Super DF,HU,unknown,2020-01-31,,Nébih visszavont/lejárt lista; engedély típusa: alapengedély; engedély érvényessége: 2020. január 31.; kereskedelmi türelmi idő: 2020. július 31.; felhasználási türelmi idő: eltarthatósági idő végéig,https://portal.nebih.gov.hu/visszavont-es-lejart-ervenyessegu-novenyvedo-szerek,2026-08-25T08:58:00.871038+00:00,eltarthatósági idő végéig,alapengedély
Forum R,HU,unknown,2020-01-31,,Nébih visszavont/lejárt lista; engedély típusa: alapengedély; engedély érvényessége: 2020. január 31.; kereskedelmi türelmi idő: 2020. július 31.; felhasználási türelmi idő: eltarthatósági idő végéig,https://portal.nebih.gov.hu/visszavont-es-lejart-ervenyessegu-novenyvedo-szerek,2026-08-25T08:58:00.871050+00:00,eltarthatósági idő végéig,alapengedély
Funguran-OH-50 WP,HU,unknown,2020-01-31,,Nébih visszavont/lejárt lista; engedély típusa: alapengedély; engedély érvényessége: 2020. január 31.; kereskedelmi türelmi idő: 2020. július 31.; felhasználási türelmi idő: eltarthatósági idő végéig,https://portal.nebih.gov.hu/visszavont-es-lejart-ervenyessegu-novenyvedo-szerek,2026-08-25T08:58:00.871062+00:00,eltarthatósági idő végéig,alapengedély
Galben R,HU,unknown,2020-01-31,,Nébih visszavont/lejárt lista; engedély típusa: alapengedély; engedély érvényessége: 2020. január 31.; kereskedelmi türelmi idő: 2020. július 31.; felhasználási türelmi idő: eltarthatósági idő végéig,https://portal.nebih.gov.hu/visszavont-es-lejart-ervenyessegu-novenyvedo-szerek,2026-08-25T08:58:00.871076+00:00,eltarthatósági idő végéig,alapengedély
Miltox Special Extra WP,HU,unknown,2020-01-31,,Nébih visszavont/lejárt lista; engedély típusa: alapengedély; engedély érvényessége: 2020. január 31.; kereskedelmi türelmi idő: 2020. július 31.; felhasználási türelmi idő: eltarthatósági idő végéig,https://portal.nebih.gov.hu/visszavont-es-lejart-ervenyessegu-novenyvedo-szerek,2026-08-25T08:58:00.871088+00:00,eltarthatósági idő végéig,alapengedély
Rézkén 650 SC,HU,unknown,2020-01-31,,Nébih visszavont/lejárt lista; engedély típusa: alapengedély; engedély érvényessége: 2020. január 31.; kereskedelmi türelmi idő: 2020. július 31.; felhasználási türelmi idő: eltarthatósági idő végéig,https://portal.nebih.gov.hu/visszavont-es-lejart-ervenyessegu-novenyvedo-szerek,2026-08-25T08:58:00.871100+00:00,eltarthatósági idő végéig,alapengedély
Rézoxiklorid 50 WP,HU,unknown,2020-01-31,,Nébih visszavont/lejárt lista; engedély típusa: alapengedély; engedély érvényessége: 2020. január 31.; kereskedelmi türelmi idő: 2020. július 31.; felhasználási türelmi idő: eltarthatósági idő végéig,https://portal.nebih.gov.hu/visszavont-es-lejart-ervenyessegu-novenyvedo-szerek,2026-08-25T08:58:00.871114+00:00,eltarthatósági idő végéig,alapengedély
Successor T,HU,unknown,2020-01-31,,Nébih visszavont/lejárt lista; engedély típusa: alapengedély; engedély érvényessége: 2020. január 31.; kereskedelmi türelmi idő: 2020. július 31.; felhasználási türelmi idő: eltarthatósági idő végéig,https://portal.nebih.gov.hu/visszavont-es-lejart-ervenyessegu-novenyvedo-szerek,2026-08-25T08:58:00.871128+00:00,eltarthatósági idő végéig,alapengedély
Actara SC,HU,not_applicable,2020-04-30,2021-10-31,Nébih visszavont/lejárt lista; engedély típusa: alapengedély; engedély érvényessége: 2020. április 30.; kereskedelmi türelmi idő: 2020. október 31.; felhasználási türelmi idő: 2021. október 31.,https://portal.nebih.gov.hu/visszavont-es-lejart-ervenyessegu-novenyvedo-szerek,2026-08-25T08:58:00.871144+00:00,2021. október 31.,alapengedély
Falcon 460 EC (származási ország: Lengyelország),HU,not_applicable,2020-08-31,2022-02-28,Nébih visszavont/lejárt lista; engedély típusa: párhuzamos engedély (Ref: Falcon 460 EC); engedély érvényessége: 2020. augusztus 31.; kereskedelmi türelmi idő: 2021. február 28.; felhasználási türelmi idő: 2022. február 28.,https://portal.nebih.gov.hu/visszavont-es-lejart-ervenyessegu-novenyvedo-szerek,2026-08-25T08:58:00.871161+00:00,2022. február 28.,párhuzamos engedély (Ref: Falcon 460 EC)
Falcon 460 EC (származási ország: Szlovénia),HU,not_applicable,2020-08-31,2022-02-28,Nébih visszavont/lejárt lista; engedély típusa: párhuzamos engedély (Ref: Falcon 460 EC); engedély érvényessége: 2020. augusztus 31.; kereskedelmi türelmi idő: 2021. február 28.; felhasználási türelmi idő: 2022. február 28.,https://portal.nebih.gov.hu/visszavont-es-lejart-ervenyessegu-novenyvedo-szerek,2026-08-25T08:58:00.871176+00:00,2022. február 28.,párhuzamos engedély (Ref: Falcon 460 EC)
Celest Top,HU,not_applicable,2020-04-30,2021-10-31,Nébih visszavont/lejárt lista; engedély típusa: alapengedély; engedély érvényessége: 2020. április 30.; kereskedelmi türelmi idő: 2020. október 31.; felhasználási türelmi idő: 2021. október 31.,https://portal.nebih.gov.hu/visszavont-es-lejart-ervenyessegu-novenyvedo-szerek,2026-08-25T08:58:00.871189+00:00,2021. október 31.,alapengedély
Cera Trap,HU,not_applicable,2020-08-31,2022-02-28,Nébih visszavont/lejárt lista; engedély típusa: alapengedély; engedély érvényessége: 2020. augusztus 31.; kereskedelmi türelmi idő: 2021. február 28.; felhasználási türelmi idő: 2022. február 28.,https://portal.nebih.gov.hu/visszavont-es-lejart-ervenyessegu-novenyvedo-szerek,2026-08-25T08:58:00.871202+00:00,2022. február 28.,alapengedély
Cruiser 70 WS,HU,not_applicable,2020-04-30,2021-10-31,Nébih visszavont/lejárt lista; engedély típusa: alapengedély; engedély érvényessége: 2020. április 30.; kereskedelmi türelmi idő: 2020. október 31.; felhasználási türelmi idő: 2021. október 31.,https://portal.nebih.gov.hu/visszavont-es-lejart-ervenyessegu-novenyvedo-szerek,2026-08-25T08:58:00.871216+00:00,2021. október 31.,alapengedély
Cruiser 350 FS,HU,not_applicable,2020-04-30,2021-10-31,Nébih visszavont/lejárt lista; engedély típusa: alapengedély; engedély érvényessége: 2020. április 30.; kereskedelmi türelmi idő: 2020. október 31.; felhasználási türelmi idő: 2021. október 31.,https://portal.nebih.gov.hu/visszavont-es-lejart-ervenyessegu-novenyvedo-szerek,2026-08-25T08:58:00.871229+00:00,2021. október 31.,alapengedély
Cruiser 600 FS,HU,not_applicable,2020-04-30,2021-10-31,Nébih visszavont/lejárt lista; engedély típusa: alapengedély; engedély érvényessége: 2020. április 30.; kereskedelmi türelmi idő: 2020. október 31.; felhasználási türelmi idő: 2021. október 31.,https://portal.nebih.gov.hu/visszavont-es-lejart-ervenyessegu-novenyvedo-szerek,2026-08-25T08:58:00.871242+00:00,2021. október 31.,alapengedély
Cruiser OSR 322 FS,HU,not_applicable,2020-04-30,2021-10-31,Nébih visszavont/lejárt lista; engedély típusa: alapengedély; engedély érvényessége: 2020. április 30.; kereskedelmi türelmi idő: 2020. október 31.; felhasználási türelmi idő: 2021. október 31.,https://portal.nebih.gov.hu/visszavont-es-lejart-ervenyessegu-novenyvedo-szerek,2026-08-25T08:58:00.871254+00:00,2021. október 31.,alapengedély
CruiserForce Mais,HU,not_applicable,2020-04-30,2021-10-31,Nébih visszavont/lejárt lista; engedély típusa: alapengedély; engedély érvényessége: 2020. április 30.; kereskedelmi türelmi idő: 2020. október 31.; felhasználási türelmi idő: 2021. október 31.,https://portal.nebih.gov.hu/visszavont-es-lejart-ervenyessegu-novenyvedo-szerek,2026-08-25T08:58:00.871272+00:00,2021. október 31.,alapengedély
Curalia,HU,not_applicable,2020-01-31,2021-07-31,Nébih visszavont/lejárt lista; engedély típusa: származtatott engedély (ref. Envidor 240 SC); engedély érvényessége: 2020. január 31.; kereskedelmi türelmi idő: 2020. május 01.; felhasználási türelmi idő: 2021.07.31.,https://portal.nebih.gov.hu/visszavont-es-lejart-ervenyessegu-novenyvedo-szerek,2026-08-25T08:58:00.871286+00:00,2021.07.31.,származtatott engedély (ref. Envidor 240 SC)
Falcon 460 EC,HU,not_applicable,2020-08-31,2022-02-28,Nébih visszavont/lejárt lista; engedély típusa: alapengedély; engedély érvényessége: 2020. augusztus 31.; kereskedelmi türelmi idő: 2021. február 28.; felhasználási türelmi idő: 2022. február 28.,https://portal.nebih.gov.hu/visszavont-es-lejart-ervenyessegu-novenyvedo-szerek,2026-08-25T08:58:00.871299+00:00,2022. február 28.,alapengedély
Force Zea,HU,not_applicable,2020-04-30,2021-10-31,Nébih visszavont/lejárt lista; engedély típusa: származtatott engedély (ref.:Cruiserforce Mais); engedély érvényessége: 2020. április 30.; kereskedelmi türelmi idő: 2020. október 31.; felhasználási türelmi idő: 2021. október 31.,https://portal.nebih.gov.hu/visszavont-es-lejart-ervenyessegu-novenyvedo-szerek,2026-08-25T08:58:00.871313+00:00,2021. október 31.,származtatott engedély (ref.:Cruiserforce Mais)
Inovis,HU,not_applicable,2020-04-30,2021-10-31,Nébih visszavont/lejárt lista; engedély típusa: alapengedély; engedély érvényessége: 2020. április 30.; kereskedelmi türelmi idő: 2020. október 31.; felhasználási türelmi idő: 2021. október 31.,https://portal.nebih.gov.hu/visszavont-es-lejart-ervenyessegu-novenyvedo-szerek,2026-08-25T08:58:00.871326+00:00,2021. október 31.,alapengedély
Lannate 20 SL,HU,not_applicable,2020-08-31,2022-02-28,Nébih visszavont/lejárt lista; engedély típusa: alapengedély; engedély érvényessége: 2020. augusztus 31.; kereskedelmi türelmi idő: 2021. február 28.; felhasználási türelmi idő: 2022. február 28.,https://portal.nebih.gov.hu/visszavont-es-lejart-ervenyessegu-novenyvedo-szerek,2026-08-25T08:58:00.871339+00:00,2022. február 28.,alapengedély
Methomex 20 SL,HU,not_applicable,2020-08-31,2022-02-28,Nébih visszavont/lejárt lista; engedély típusa: származtatott engedély (ref.:Lannate 20 SL); engedély érvényessége: 2020. augusztus 31.; kereskedelmi türelmi idő: 2021. február 28.; felhasználási türelmi idő: 2022. február 28.,https://portal.nebih.gov.hu/visszavont-es-lejart-ervenyessegu-novenyvedo-szerek,2026-08-25T08:58:00.871353+00:00,2022. február 28.,származtatott engedély (ref.:Lannate 20 SL)
Falcon 460 EC (származási ország: Bulgária),HU,not_applicable,2020-08-31,2022-02-28,Nébih visszavont/lejárt lista; engedély típusa: párhuzamos engedély (Ref: Falcon 460 EC); engedély érvényessége: 2020. augusztus 31.; kereskedelmi türelmi idő: 2021. február 28.; felhasználási türelmi idő: 2022. február 28.,https://portal.nebih.gov.hu/visszavont-es-lejart-ervenyessegu-novenyvedo-szerek,2026-08-25T08:58:00.871369+00:00,2022. február 28.,párhuzamos engedély (Ref: Falcon 460 EC)
Falcon 460 EC (származási ország: Románia),HU,not_applicable,2020-08-31,2022-02-28,Nébih visszavont/lejárt lista; engedély típusa: párhuzamos engedély (Ref: Falcon 460 EC); engedély érvényessége: 2020. augusztus 31.; kereskedelmi türelmi idő: 2021. február 28.; felhasználási türelmi idő: 2022. február 28.,https://portal.nebih.gov.hu/visszavont-es-lejart-ervenyessegu-novenyvedo-szerek,2026-08-25T08:58:00.871389+00:00,2022. február 28.,párhuzamos engedély (Ref: Falcon 460 EC)
Shavit F,HU,not_applicable,2020-08-31,2022-02-28,Nébih visszavont/lejárt lista; engedély típusa: alapengedély; engedély érvényessége: 2020. augusztus 31.; kereskedelmi türelmi idő: 2021. február 28.; felhasználási türelmi idő: 2022. február 28.,https://portal.nebih.gov.hu/visszavont-es-lejart-ervenyessegu-novenyvedo-szerek,2026-08-25T08:58:00.871402+00:00,2022. február 28.,alapengedély
Sólyom 460 EC,HU,not_applicable,2020-08-31,2022-02-28,Nébih visszavont/lejárt lista; engedély típusa: származtatott engedély (Ref: Falcon 460 EC); engedély érvényessége: 2020. augusztus 31.; kereskedelmi türelmi idő: 2021. február 28.; felhasználási türelmi idő: 2022. február 28.,https://portal.nebih.gov.hu/visszavont-es-lejart-ervenyessegu-novenyvedo-szerek,2026-08-25T08:58:00.871415+00:00,2022. február 28.,származtatott engedély (Ref: Falcon 460 EC)
Tango Star,HU,not_applicable,2020-04-30,2021-10-31,Nébih visszavont/lejárt lista; engedély típusa: alapengedély; engedély érvényessége: 2020. április 30.; kereskedelmi türelmi idő: 2020. október 31.; felhasználási türelmi idő: 2021. október 31.,https://portal.nebih.gov.hu/visszavont-es-lejart-ervenyessegu-novenyvedo-szerek,2026-08-25T08:58:00.871428+00:00,2021. október 31.,alapengedély
Titanium,HU,not_applicable,2020-04-30,2021-10-31,Nébih visszavont/lejárt lista; engedély típusa: származtatott engedély (ref.: Tango Star); engedély érvényessége: 2020. április 30.; kereskedelmi türelmi idő: 2020. október 31.; felhasználási türelmi idő: 2021. október 31.,https://portal.nebih.gov.hu/visszavont-es-lejart-ervenyessegu-novenyvedo-szerek,2026-08-25T08:58:00.871441+00:00,2021. október 31.,származtatott engedély (ref.: Tango Star)
Venus SC,HU,not_applicable,2020-04-30,2021-10-31,Nébih visszavont/lejárt lista; engedély típusa: származtatott engedély (ref.: Actara SC); engedély érvényessége: 2020. április 30.; kereskedelmi türelmi idő: 2020. október 31.; felhasználási türelmi idő: 2021. október 31.,https://portal.nebih.gov.hu/visszavont-es-lejart-ervenyessegu-novenyvedo-szerek,2026-08-25T08:58:00.871456+00:00,2021. október 31.,származtatott engedély (ref.: Actara SC)
Moltovin,HU,unknown,2020-01-31,,Nébih visszavont/lejárt lista; engedély típusa: alapengedély; engedély érvényessége: 2020. január 31.; kereskedelmi türelmi idő: 2020. július 31.; felhasználási türelmi idő: eltarthatósági idő végéig,https://portal.nebih.gov.hu/visszavont-es-lejart-ervenyessegu-novenyvedo-szerek,2026-08-25T08:58:00.871469+00:00,eltarthatósági idő végéig,alapengedély
Vektafid R,HU,unknown,2020-01-31,,Nébih visszavont/lejárt lista; engedély típusa: alapengedély; engedély érvényessége: 2020. január 31.; kereskedelmi türelmi idő: 2020. július 31.; felhasználási türelmi idő: eltarthatósági idő végéig,https://portal.nebih.gov.hu/visszavont-es-lejart-ervenyessegu-novenyvedo-szerek,2026-08-25T08:58:00.871480+00:00,eltarthatósági idő végéig,alapengedély
Cuwan,HU,unknown,2020-01-31,,Nébih visszavont/lejárt lista; engedély típusa: származtatott engedély (ref.: Funguran-OH 50 WP); engedély érvényessége: 2020. január 31.; kereskedelmi türelmi idő: 2020. július 31.; felhasználási türelmi idő: eltarthatósági idő végéig,https://portal.nebih.gov.hu/visszavont-es-lejart-ervenyessegu-novenyvedo-szerek,2026-08-25T08:58:00.871495+00:00,eltarthatósági idő végéig,származtatott engedély (ref.: Funguran-OH 50 WP)
Pomuran Réz,HU,unknown,2020-01-31,,Nébih visszavont/lejárt lista; engedély típusa: származtatott engedély (ref.: Funguran-OH 50 WP); engedély érvényessége: 2020. január 31.; kereskedelmi türelmi idő: 2020. július 31.; felhasználási türelmi idő: eltarthatósági idő végéig,https://portal.nebih.gov.hu/visszavont-es-lejart-ervenyessegu-novenyvedo-szerek,2026-08-25T08:58:00.871508+00:00,eltarthatósági idő végéig,származtatott engedély (ref.: Funguran-OH 50 WP)
Emblem Pro,HU,unknown,2020-02-28,,Nébih visszavont/lejárt lista; engedély típusa: alapengedély; engedély érvényessége: 2020. február 28.; kereskedelmi türelmi idő: -; felhasználási türelmi idő: eltarthatósági idő végéig,https://portal.nebih.gov.hu/visszavont-es-lejart-ervenyessegu-novenyvedo-szerek,2026-08-25T08:58:00.871520+00:00,eltarthatósági idő végéig,alapengedély
Katoun Gold,HU,not_applicable,2020-02-12,2021-02-12,Nébih visszavont/lejárt lista; engedély típusa: alapengedély; engedély érvényessége: 2020.02.12.; kereskedelmi türelmi idő: -; felhasználási türelmi idő: 2021.02.12.,https://portal.nebih.gov.hu/visszavont-es-lejart-ervenyessegu-novenyvedo-szerek,2026-08-25T08:58:00.871531+00:00,2021.02.12.,alapengedély
Alligator,HU,not_applicable,2020-02-16,2020-04-16,Nébih visszavont/lejárt lista; engedély típusa: származtatott engedély (ref: Cyren EC); engedély érvényessége: 2020.02.16.; kereskedelmi türelmi idő: 2020.04.16.; felhasználási türelmi idő: 2020.04.16.,https://portal.nebih.gov.hu/visszavont-es-lejart-ervenyessegu-novenyvedo-szerek,2026-08-25T08:58:00.871556+00:00,2020.04.16.,származtatott engedély (ref: Cyren EC)
Cyren EC,HU,not_applicable,2020-02-16,2020-04-16,Nébih visszavont/lejárt lista; engedély típusa: alapengedély; engedély érvényessége: 2020.02.16.; kereskedelmi türelmi idő: 2020.04.16.; felhasználási türelmi idő: 2020.04.16.,https://portal.nebih.gov.hu/visszavont-es-lejart-ervenyessegu-novenyvedo-szerek,2026-08-25T08:58:00.871570+00:00,2020.04.16.,alapengedély
Daskor,HU,not_applicable,2020-02-16,2020-04-16,Nébih visszavont/lejárt lista; engedély típusa: alapengedély; engedély érvényessége: 2020.02.16.; kereskedelmi türelmi idő: 2020.04.16.; felhasználási türelmi idő: 2020.04.16.,https://portal.nebih.gov.hu/visszavont-es-lejart-ervenyessegu-novenyvedo-szerek,2026-08-25T08:58:00.871580+00:00,2020.04.16.,alapengedély
Dursban 480 EC,HU,not_applicable,2020-02-16,2020-04-16,Nébih visszavont/lejárt lista; engedély típusa: alapengedély; engedély érvényessége: 2020.02.16.; kereskedelmi türelmi idő: 2020.04.16.; felhasználási türelmi idő: 2020.04.16.,https://portal.nebih.gov.hu/visszavont-es-lejart-ervenyessegu-novenyvedo-szerek,2026-08-25T08:58:00.871592+00:00,2020.04.16.,alapengedély
Emperor,HU,not_applicable,2020-02-16,2020-04-16,Nébih visszavont/lejárt lista; engedély típusa: származtatott engedély (ref: Reldan 22 EC); engedély érvényessége: 2020.02.16.; kereskedelmi türelmi idő: 2020.04.16.; felhasználási türelmi idő: 2020.04.16.,https://portal.nebih.gov.hu/visszavont-es-lejart-ervenyessegu-novenyvedo-szerek,2026-08-25T08:58:00.871602+00:00,2020.04.16.,származtatott engedély (ref: Reldan 22 EC)
Kentaur 5G,HU,not_applicable,2020-02-16,2020-04-16,Nébih visszavont/lejárt lista; engedély típusa: alapengedély; engedély érvényessége: 2020.02.16.; kereskedelmi türelmi idő: 2020.04.16.; felhasználási türelmi idő: 2020.04.16.,https://portal.nebih.gov.hu/visszavont-es-lejart-ervenyessegu-novenyvedo-szerek,2026-08-25T08:58:00.871611+00:00,2020.04.16.,alapengedély
Megatox 22 EC,HU,not_applicable,2020-02-16,2020-04-16,Nébih visszavont/lejárt lista; engedély típusa: származtatott engedély (ref: Reldan 22 EC); engedély érvényessége: 2020.02.16.; kereskedelmi türelmi idő: 2020.04.16.; felhasználási türelmi idő: 2020.04.16.,https://portal.nebih.gov.hu/visszavont-es-lejart-ervenyessegu-novenyvedo-szerek,2026-08-25T08:58:00.871623+00:00,2020.04.16.,származtatott engedély (ref: Reldan 22 EC)
Nurelle-D 50/500 EC,HU,not_applicable,2020-02-16,2020-04-16,Nébih visszavont/lejárt lista; engedély típusa: alapengedély; engedély érvényessége: 2020.02.16.; kereskedelmi türelmi idő: 2020.04.16.; felhasználási türelmi idő: 2020.04.16.,https://portal.nebih.gov.hu/visszavont-es-lejart-ervenyessegu-novenyvedo-szerek,2026-08-25T08:58:00.871632+00:00,2020.04.16.,alapengedély
Nurelle M,HU,not_applicable,2020-02-16,2020-04-16,Nébih visszavont/lejárt lista; engedély típusa: származtatott engedély (ref: Daskor); engedély érvényessége: 2020.02.16.; kereskedelmi türelmi idő: 2020.04.16.; felhasználási türelmi idő: 2020.04.16.,https://portal.nebih.gov.hu/visszavont-es-lejart-ervenyessegu-novenyvedo-szerek,2026-08-25T08:58:00.871642+00:00,2020.04.16.,származtatott engedély (ref: Daskor)
Pyclorex Neo,HU,not_applicable,2020-02-16,2020-04-16,Nébih visszavont/lejárt lista; engedély típusa: származtatott engedély (ref: Cyren EC); engedély érvényessége: 2020.02.16.; kereskedelmi türelmi idő: 2020.04.16.; felhasználási türelmi idő: 2020.04.16.,https://portal.nebih.gov.hu/visszavont-es-lejart-ervenyessegu-novenyvedo-szerek,2026-08-25T08:58:00.871660+00:00,2020.04.16.,származtatott engedély (ref: Cyren EC)
Pyrifosz 25 CS,HU,not_applicable,2020-02-16,2020-04-16,Nébih visszavont/lejárt lista; engedély típusa: származtatott engedély (ref: Pyrinex 25 CS); engedély érvényessége: 2020.02.16.; kereskedelmi türelmi idő: 2020.04.16.; felhasználási türelmi idő: 2020.04.16.,https://portal.nebih.gov.hu/visszavont-es-lejart-ervenyessegu-novenyvedo-szerek,2026-08-25T08:58:00.871669+00:00,2020.04.16.,származtatott engedély (ref: Pyrinex 25 CS)
Pyrinex 25 CS,HU,not_applicable,2020-02-16,2020-04-16,Nébih visszavont/lejárt lista; engedély típusa: alapengedély; engedély érvényessége: 2020.02.16.; kereskedelmi türelmi idő: 2020.04.16.; felhasználási türelmi idő: 2020.04.16.,https://portal.nebih.gov.hu/visszavont-es-lejart-ervenyessegu-novenyvedo-szerek,2026-08-25T08:58:00.871681+00:00,2020.04.16.,alapengedély
Pyrinex 48 EC,HU,not_applicable,2020-02-16,2020-04-16,Nébih visszavont/lejárt lista; engedély típusa: alapengedély; engedély érvényessége: 2020.02.16.; kereskedelmi türelmi idő: 2020.04.16.; felhasználási türelmi idő: 2020.04.16.,https://portal.nebih.gov.hu/visszavont-es-lejart-ervenyessegu-novenyvedo-szerek,2026-08-25T08:58:00.871692+00:00,2020.04.16.,alapengedély
Pyrinex M 22,HU,not_applicable,2020-02-16,2020-04-16,Nébih visszavont/lejárt lista; engedély típusa: származtatott engedély (ref: Reldan 22 EC); engedély érvényessége: 2020.02.16.; kereskedelmi türelmi idő: 2020.04.16.; felhasználási türelmi idő: 2020.04.16.,https://portal.nebih.gov.hu/visszavont-es-lejart-ervenyessegu-novenyvedo-szerek,2026-08-25T08:58:00.871702+00:00,2020.04.16.,származtatott engedély (ref: Reldan 22 EC)
Pyrinex Supreme,HU,not_applicable,2020-02-16,2020-04-16,Nébih visszavont/lejárt lista; engedély típusa: alapengedély; engedély érvényessége: 2020.02.16.; kereskedelmi türelmi idő: 2020.04.16.; felhasználási türelmi idő: 2020.04.16.,https://portal.nebih.gov.hu/visszavont-es-lejart-ervenyessegu-novenyvedo-szerek,2026-08-25T08:58:00.871711+00:00,2020.04.16.,alapengedély
Pyristar,HU,not_applicable,2020-02-16,2020-04-16,Nébih visszavont/lejárt lista; engedély típusa: alapengedély; engedély érvényessége: 2020.02.16.; kereskedelmi türelmi idő: 2020.04.16.; felhasználási türelmi idő: 2020.04.16.,https://portal.nebih.gov.hu/visszavont-es-lejart-ervenyessegu-novenyvedo-szerek,2026-08-25T08:58:00.871721+00:00,2020.04.16.,alapengedély
Reldan 22 EC,HU,not_applicable,2020-02-16,2020-04-16,Nébih visszavont/lejárt lista; engedély típusa: alapengedély; engedély érvényessége: 2020.02.16.; kereskedelmi türelmi idő: 2020.04.16.; felhasználási türelmi idő: 2020.04.16.,https://portal.nebih.gov.hu/visszavont-es-lejart-ervenyessegu-novenyvedo-szerek,2026-08-25T08:58:00.871730+00:00,2020.04.16.,alapengedély
Roksa,HU,not_applicable,2020-02-16,2020-04-16,Nébih visszavont/lejárt lista; engedély típusa: származtatott engedély (ref: Daskor); engedély érvényessége: 2020.02.16.; kereskedelmi türelmi idő: 2020.04.16.; felhasználási türelmi idő: 2020.04.16.,https://portal.nebih.gov.hu/visszavont-es-lejart-ervenyessegu-novenyvedo-szerek,2026-08-25T08:58:00.871739+00:00,2020.04.16.,származtatott engedély (ref: Daskor)
Nonit (02.5/1015/3/2008.MgSzHK),HU,unknown,2020-09-30,,Nébih visszavont/lejárt lista; engedély típusa: alapengedély; engedély érvényessége: 2020.09.30.; kereskedelmi türelmi idő: -; felhasználási türelmi idő: -,https://portal.nebih.gov.hu/visszavont-es-lejart-ervenyessegu-novenyvedo-szerek,2026-08-25T08:58:00.871749+00:00,-,alapengedély
Nurelle-D (Prefix) (származási ország: Románia),HU,not_applicable,2020-02-16,2020-04-16,Nébih visszavont/lejárt lista; engedély típusa: párhuzamos engedély (Ref: Nurelle - D 50/500 EC); engedély érvényessége: 2020.02.16.; kereskedelmi türelmi idő: 2020.04.16.; felhasználási türelmi idő: 2020.04.16.,https://portal.nebih.gov.hu/visszavont-es-lejart-ervenyessegu-novenyvedo-szerek,2026-08-25T08:58:00.871761+00:00,2020.04.16.,párhuzamos engedély (Ref: Nurelle - D 50/500 EC)
Nurelle-D (Prefix) (származási ország: Bulgária),HU,not_applicable,2020-02-16,2020-04-16,Nébih visszavont/lejárt lista; engedély típusa: párhuzamos engedély (Ref: Nurelle - D 50/500 EC; engedély érvényessége: 2020.02.16.; kereskedelmi türelmi idő: 2020.04.16.; felhasználási türelmi idő: 2020.04.16.,https://portal.nebih.gov.hu/visszavont-es-lejart-ervenyessegu-novenyvedo-szerek,2026-08-25T08:58:00.871771+00:00,2020.04.16.,párhuzamos engedély (Ref: Nurelle - D 50/500 EC
Nurelle-D 50/500 EC (Nitrogénművek) (származási ország: Lengyelország),HU,not_applicable,2020-02-16,2020-04-16,Nébih visszavont/lejárt lista; engedély típusa: párhuzamos engedély (Ref: Nurelle - D 50/500 EC; engedély érvényessége: 2020.02.16.; kereskedelmi türelmi idő: 2020.04.16.; felhasználási türelmi idő: 2020.04.16.,https://portal.nebih.gov.hu/visszavont-es-lejart-ervenyessegu-novenyvedo-szerek,2026-08-25T08:58:00.871782+00:00,2020.04.16.,párhuzamos engedély (Ref: Nurelle - D 50/500 EC
Nurelle-D 50/500 EC (Input) (származási ország: Románia),HU,not_applicable,2020-02-16,2020-04-16,Nébih visszavont/lejárt lista; engedély típusa: párhuzamos engedély (Ref: Nurelle - D 50/500 EC); engedély érvényessége: 2020.02.16.; kereskedelmi türelmi idő: 2020.04.16.; felhasználási türelmi idő: 2020.04.16.,https://portal.nebih.gov.hu/visszavont-es-lejart-ervenyessegu-novenyvedo-szerek,2026-08-25T08:58:00.871795+00:00,2020.04.16.,párhuzamos engedély (Ref: Nurelle - D 50/500 EC)
Nurelle-D 50/500 EC (Agronauta) (származási ország: Bulgária),HU,not_applicable,2020-02-16,2020-04-16,Nébih visszavont/lejárt lista; engedély típusa: párhuzamos engedély (Ref: Nurelle - D 50/500 EC); engedély érvényessége: 2020.02.16.; kereskedelmi türelmi idő: 2020.04.16.; felhasználási türelmi idő: 2020.04.16.,https://portal.nebih.gov.hu/visszavont-es-lejart-ervenyessegu-novenyvedo-szerek,2026-08-25T08:58:00.871806+00:00,2020.04.16.,párhuzamos engedély (Ref: Nurelle - D 50/500 EC)
Nurelle-D (Chemi-Corn) (származási ország. Bulgária),HU,not_applicable,2020-02-16,2020-04-16,Nébih visszavont/lejárt lista; engedély típusa: párhuzamos engedély (Ref: Nurelle - D 50/500 EC); engedély érvényessége: 2020.02.16.; kereskedelmi türelmi idő: 2020.04.16.; felhasználási türelmi idő: 2020.04.16.,https://portal.nebih.gov.hu/visszavont-es-lejart-ervenyessegu-novenyvedo-szerek,2026-08-25T08:58:00.871817+00:00,2020.04.16.,párhuzamos engedély (Ref: Nurelle - D 50/500 EC)
Nurelle-D (GlobAgro) (származási ország: Bulgária),HU,not_applicable,2020-02-16,2020-04-16,Nébih visszavont/lejárt lista; engedély típusa: párhuzamos engedély (Ref: Nurelle - D 50/500 EC); engedély érvényessége: 2020.02.16.; kereskedelmi türelmi idő: 2020.04.16.; felhasználási türelmi idő: 2020.04.16.,https://portal.nebih.gov.hu/visszavont-es-lejart-ervenyessegu-novenyvedo-szerek,2026-08-25T08:58:00.871829+00:00,2020.04.16.,párhuzamos engedély (Ref: Nurelle - D 50/500 EC)
Agria Cyperfos (származási ország: Bulgária),HU,not_applicable,2020-02-16,2020-04-16,Nébih visszavont/lejárt lista; engedély típusa: párhuzamos engedély (Ref: Nurelle D); engedély érvényessége: 2020.02.16.; kereskedelmi türelmi idő: 2020.04.16.; felhasználási türelmi idő: 2020.04.16.,https://portal.nebih.gov.hu/visszavont-es-lejart-ervenyessegu-novenyvedo-szerek,2026-08-25T08:58:00.871840+00:00,2020.04.16.,párhuzamos engedély (Ref: Nurelle D)
Reldan 22 (származási ország: Olaszország),HU,not_applicable,2020-02-16,2020-04-16,Nébih visszavont/lejárt lista; engedély típusa: párhuzamos engedély (Ref: Reldan 22 EC); engedély érvényessége: 2020.02.16.; kereskedelmi türelmi idő: 2020.04.16.; felhasználási türelmi idő: 2020.04.16.,https://portal.nebih.gov.hu/visszavont-es-lejart-ervenyessegu-novenyvedo-szerek,2026-08-25T08:58:00.871853+00:00,2020.04.16.,párhuzamos engedély (Ref: Reldan 22 EC)
Agria Klórpirifosz (származási ország: Olaszország),HU,not_applicable,2020-02-16,2020-04-16,Nébih visszavont/lejárt lista; engedély típusa: párhuzamos engedély (Ref: Pyrinex 25 CS); engedély érvényessége: 2020.02.16.; kereskedelmi türelmi idő: 2020.04.16.; felhasználási türelmi idő: 2020.04.16.,https://portal.nebih.gov.hu/visszavont-es-lejart-ervenyessegu-novenyvedo-szerek,2026-08-25T08:58:00.871864+00:00,2020.04.16.,párhuzamos engedély (Ref: Pyrinex 25 CS)
Biscaya,HU,not_applicable,2020-08-03,2021-02-03,Nébih visszavont/lejárt lista; engedély típusa: alapengedély; engedély érvényessége: 2020.08.03.; kereskedelmi türelmi idő: 2021.02.03.; felhasználási türelmi idő: 2021.02.03.,https://portal.nebih.gov.hu/visszavont-es-lejart-ervenyessegu-novenyvedo-szerek,2026-08-25T08:58:00.871874+00:00,2021.02.03.,alapengedély
Calypso 480 SC,HU,not_applicable,2020-08-03,2021-02-03,Nébih visszavont/lejárt lista; engedély típusa: alapengedély; engedély érvényessége: 2020.08.03.; kereskedelmi türelmi idő: 2021.02.03.; felhasználási türelmi idő: 2021.02.03.,https://portal.nebih.gov.hu/visszavont-es-lejart-ervenyessegu-novenyvedo-szerek,2026-08-25T08:58:00.871885+00:00,2021.02.03.,alapengedély
Proteus,HU,not_applicable,2020-08-03,2021-02-03,Nébih visszavont/lejárt lista; engedély típusa: alapengedély; engedély érvényessége: 2020.08.03.; kereskedelmi türelmi idő: 2021.02.03.; felhasználási türelmi idő: 2021.02.03.,https://portal.nebih.gov.hu/visszavont-es-lejart-ervenyessegu-novenyvedo-szerek,2026-08-25T08:58:00.871895+00:00,2021.02.03.,alapengedély
Sonido 400 FS,HU,not_applicable,2020-08-03,2021-02-03,Nébih visszavont/lejárt lista; engedély típusa: alapengedély; engedély érvényessége: 2020.08.03.; kereskedelmi türelmi idő: 2021.02.03.; felhasználási türelmi idő: 2021.02.03.,https://portal.nebih.gov.hu/visszavont-es-lejart-ervenyessegu-novenyvedo-szerek,2026-08-25T08:58:00.871908+00:00,2021.02.03.,alapengedély
Biscaya 240 OD (származási ország: Románia),HU,not_applicable,2020-08-03,2021-02-03,Nébih visszavont/lejárt lista; engedély típusa: párhuzamos engedély (Ref: Biscaya); engedély érvényessége: 2020.08.03.; kereskedelmi türelmi idő: 2021.02.03.; felhasználási türelmi idő: 2021.02.03.,https://portal.nebih.gov.hu/visszavont-es-lejart-ervenyessegu-novenyvedo-szerek,2026-08-25T08:58:00.871918+00:00,2021.02.03.,párhuzamos engedély (Ref: Biscaya)
Biscaya (származási ország: Németország),HU,not_applicable,2020-08-03,2021-02-03,Nébih visszavont/lejárt lista; engedély típusa: párhuzamos engedély (Ref: Biscaya); engedély érvényessége: 2020.08.03.; kereskedelmi türelmi idő: 2021.02.03.; felhasználási türelmi idő: 2021.02.03.,https://portal.nebih.gov.hu/visszavont-es-lejart-ervenyessegu-novenyvedo-szerek,2026-08-25T08:58:00.871929+00:00,2021.02.03.,párhuzamos engedély (Ref: Biscaya)
Biscaya (származási ország: Lengyelország),HU,not_applicable,2020-08-03,2021-02-03,Nébih visszavont/lejárt lista; engedély típusa: párhuzamos engedély (Ref: Biscaya); engedély érvényessége: 2020.08.03.; kereskedelmi türelmi idő: 2021.02.03.; felhasználási türelmi idő: 2021.02.03.,https://portal.nebih.gov.hu/visszavont-es-lejart-ervenyessegu-novenyvedo-szerek,2026-08-25T08:58:00.871941+00:00,2021.02.03.,párhuzamos engedély (Ref: Biscaya)
Biscaya (származási ország: Románia),HU,not_applicable,2020-08-03,2021-02-03,Nébih visszavont/lejárt lista; engedély típusa: párhuzamos engedély (Ref: Biscaya); engedély érvényessége: 2020.08.03.; kereskedelmi türelmi idő: 2021.02.03.; felhasználási türelmi idő: 2021.02.03.,https://portal.nebih.gov.hu/visszavont-es-lejart-ervenyessegu-novenyvedo-szerek,2026-08-25T08:58:00.871951+00:00,2021.02.03.,párhuzamos engedély (Ref: Biscaya)
Biscaya (származási o.: Románia),HU,not_applicable,2020-08-03,2021-02-03,Nébih visszavont/lejárt lista; engedély típusa: párhuzamos engedély (Ref: Biscaya); engedély érvényessége: 2020.08.03.; kereskedelmi türelmi idő: 2021.02.03.; felhasználási türelmi idő: 2021.02.03.,https://portal.nebih.gov.hu/visszavont-es-lejart-ervenyessegu-novenyvedo-szerek,2026-08-25T08:58:00.871963+00:00,2021.02.03.,párhuzamos engedély (Ref: Biscaya)
Calypso 480 SC (származási ország: Horvátország),HU,not_applicable,2020-08-03,2021-02-03,Nébih visszavont/lejárt lista; engedély típusa: párhuzamos engedély (Ref: Calypso 480 SC); engedély érvényessége: 2020.08.03.; kereskedelmi türelmi idő: 2021.02.03.; felhasználási türelmi idő: 2021.02.03.,https://portal.nebih.gov.hu/visszavont-es-lejart-ervenyessegu-novenyvedo-szerek,2026-08-25T08:58:00.871973+00:00,2021.02.03.,párhuzamos engedély (Ref: Calypso 480 SC)
Biscaya (származási ország: Horvátország),HU,not_applicable,2020-08-03,2021-02-03,Nébih visszavont/lejárt lista; engedély típusa: párhuzamos engedély (Ref: Calypso 480 SC); engedély érvényessége: 2020.08.03.; kereskedelmi türelmi idő: 2021.02.03.; felhasználási türelmi idő: 2021.02.03.,https://portal.nebih.gov.hu/visszavont-es-lejart-ervenyessegu-novenyvedo-szerek,2026-08-25T08:58:00.871984+00:00,2021.02.03.,párhuzamos engedély (Ref: Calypso 480 SC)
Proteus (származási ország: Lengyeltország),HU,not_applicable,2020-08-03,2021-02-03,Nébih visszavont/lejárt lista; engedély típusa: párhuzamos engedély (Ref: Proteus); engedély érvényessége: 2020.08.03.; kereskedelmi türelmi idő: 2021.02.03.; felhasználási türelmi idő: 2021.02.03.,https://portal.nebih.gov.hu/visszavont-es-lejart-ervenyessegu-novenyvedo-szerek,2026-08-25T08:58:00.871994+00:00,2021.02.03.,párhuzamos engedély (Ref: Proteus)
Ikanos 40 OD,HU,unknown,2020-02-28,,Nébih visszavont/lejárt lista; engedély típusa: alapengedély; engedély érvényessége: 2020.02.28.; kereskedelmi türelmi idő: 2020.08.28.; felhasználási türelmi idő: eltarthatósági idő végéig,https://portal.nebih.gov.hu/visszavont-es-lejart-ervenyessegu-novenyvedo-szerek,2026-08-25T08:58:00.872005+00:00,eltarthatósági idő végéig,alapengedély
Agil 100 EC (származási ország: Románia),HU,unknown,2020-05-31,,Nébih visszavont/lejárt lista; engedély típusa: párhuzamos engedély (Ref: Agil 100 EC); engedély érvényessége: 2020.05.31.; kereskedelmi türelmi idő: 2020.11.30.; felhasználási türelmi idő: eltarthatósági idő végéig,https://portal.nebih.gov.hu/visszavont-es-lejart-ervenyessegu-novenyvedo-szerek,2026-08-25T08:58:00.872016+00:00,eltarthatósági idő végéig,párhuzamos engedély (Ref: Agil 100 EC)
Mirage 45 EC (származási ország: Románia),HU,unknown,2020-02-20,,Nébih visszavont/lejárt lista; engedély típusa: párhuzamos engedély (Ref: Mirage 45 EC); engedély érvényessége: 2020.02.20.; kereskedelmi türelmi idő: 2020.04.30.; felhasználási türelmi idő: eltarthatósági idő végéig,https://portal.nebih.gov.hu/visszavont-es-lejart-ervenyessegu-novenyvedo-szerek,2026-08-25T08:58:00.872029+00:00,eltarthatósági idő végéig,párhuzamos engedély (Ref: Mirage 45 EC)
Kalipe,HU,not_applicable,2020-02-12,2021-02-12,Nébih visszavont/lejárt lista; engedély típusa: származtatott engedély (ref. Katoun Gold); engedély érvényessége: 2020.02.12.; kereskedelmi türelmi idő: -; felhasználási türelmi idő: 2021.02.12.,https://portal.nebih.gov.hu/visszavont-es-lejart-ervenyessegu-novenyvedo-szerek,2026-08-25T08:58:00.872040+00:00,2021.02.12.,származtatott engedély (ref. Katoun Gold)
Redialo,HU,not_applicable,2020-02-12,2021-02-12,Nébih visszavont/lejárt lista; engedély típusa: származtatott engedély (ref. Katoun Gold); engedély érvényessége: 2020.02.12.; kereskedelmi türelmi idő: -; felhasználási türelmi idő: 2021.02.12.,https://portal.nebih.gov.hu/visszavont-es-lejart-ervenyessegu-novenyvedo-szerek,2026-08-25T08:58:00.872049+00:00,2021.02.12.,származtatott engedély (ref. Katoun Gold)
Fendona 10 EC,HU,not_applicable,2020-04-30,2021-10-31,Nébih visszavont/lejárt lista; engedély típusa: alapengedély; engedély érvényessége: 2020.04.30.; kereskedelmi türelmi idő: 2020.10.31.; felhasználási türelmi idő: 2021.10.31.,https://portal.nebih.gov.hu/visszavont-es-lejart-ervenyessegu-novenyvedo-szerek,2026-08-25T08:58:00.872059+00:00,2021.10.31.,alapengedély
Eribea,HU,not_applicable,2020-04-30,2021-10-31,Nébih visszavont/lejárt lista; engedély típusa: származtatott engedély (ref.Fendona 10 EC); engedély érvényessége: 2020.04.30.; kereskedelmi türelmi idő: 2020.10.31.; felhasználási türelmi idő: 2021.10.31.,https://portal.nebih.gov.hu/visszavont-es-lejart-ervenyessegu-novenyvedo-szerek,2026-08-25T08:58:00.872071+00:00,2021.10.31.,származtatott engedély (ref.Fendona 10 EC)
King 10 F,HU,not_applicable,2020-04-30,2021-10-31,Nébih visszavont/lejárt lista; engedély típusa: származtatott engedély (ref.Fendona 10 EC); engedély érvényessége: 2020.04.30.; kereskedelmi türelmi idő: 2020.10.31.; felhasználási türelmi idő: 2021.10.31.,https://portal.nebih.gov.hu/visszavont-es-lejart-ervenyessegu-novenyvedo-szerek,2026-08-25T08:58:00.872083+00:00,2021.10.31.,származtatott engedély (ref.Fendona 10 EC)
Littac Super,HU,not_applicable,2020-04-30,2021-10-31,Nébih visszavont/lejárt lista; engedély típusa: származtatott engedély (ref.Fendona 10 EC); engedély érvényessége: 2020.04.30.; kereskedelmi türelmi idő: 2020.10.31.; felhasználási türelmi idő: 2021.10.31.,https://portal.nebih.gov.hu/visszavont-es-lejart-ervenyessegu-novenyvedo-szerek,2026-08-25T08:58:00.872093+00:00,2021.10.31.,származtatott engedély (ref.Fendona 10 EC)
Fendona 10 EC (származási ország:Románia),HU,not_applicable,2020-04-30,2021-10-31,Nébih visszavont/lejárt lista; engedély típusa: párhuzamos engedély (Ref: Fendona 10 EC); engedély érvényessége: 2020.04.30.; kereskedelmi türelmi idő: 2020.10.31.; felhasználási türelmi idő: 2021.10.31.,https://portal.nebih.gov.hu/visszavont-es-lejart-ervenyessegu-novenyvedo-szerek,2026-08-25T08:58:00.872103+00:00,2021.10.31.,párhuzamos engedély (Ref: Fendona 10 EC)
Governor (származási ország: Lengyelország),HU,not_applicable,2020-04-30,2021-10-31,Nébih visszavont/lejárt lista; engedély típusa: párhuzamos engedély (Ref: Fendona 10 EC); engedély érvényessége: 2020.04.30.; kereskedelmi türelmi idő: 2020.10.31.; felhasználási türelmi idő: 2021.10.31.,https://portal.nebih.gov.hu/visszavont-es-lejart-ervenyessegu-novenyvedo-szerek,2026-08-25T08:58:00.872113+00:00,2021.10.31.,párhuzamos engedély (Ref: Fendona 10 EC)
Exact 10 EC (származási ország: Románia),HU,not_applicable,2020-04-30,2021-10-31,Nébih visszavont/lejárt lista; engedély típusa: párhuzamos engedély (Ref: Fendona 10 EC); engedély érvényessége: 2020.04.30.; kereskedelmi türelmi idő: 2020.10.31.; felhasználási türelmi idő: 2021.10.31.,https://portal.nebih.gov.hu/visszavont-es-lejart-ervenyessegu-novenyvedo-szerek,2026-08-25T08:58:00.872123+00:00,2021.10.31.,párhuzamos engedély (Ref: Fendona 10 EC)
Bestseller 100 EC (származási ország: Spanyolország),HU,not_applicable,2020-04-30,2021-10-31,Nébih visszavont/lejárt lista; engedély típusa: párhuzamos engedély (Ref: Fendona 10 EC); engedély érvényessége: 2020.04.30.; kereskedelmi türelmi idő: 2020.10.31.; felhasználási türelmi idő: 2021.10.31.,https://portal.nebih.gov.hu/visszavont-es-lejart-ervenyessegu-novenyvedo-szerek,2026-08-25T08:58:00.872133+00:00,2021.10.31.,párhuzamos engedély (Ref: Fendona 10 EC)
Bell,HU,not_applicable,2020-04-30,2021-10-30,Nébih visszavont/lejárt lista; engedély típusa: alapengedély; engedély érvényessége: 2020.04.30.; kereskedelmi türelmi idő: 2020.10.30.; felhasználási türelmi idő: 2021.10.30.,https://portal.nebih.gov.hu/visszavont-es-lejart-ervenyessegu-novenyvedo-szerek,2026-08-25T08:58:00.872145+00:00,2021.10.30.,alapengedély
Ceriax,HU,not_applicable,2020-04-30,2021-10-30,Nébih visszavont/lejárt lista; engedély típusa: alapengedély; engedély érvényessége: 2020.04.30.; kereskedelmi türelmi idő: 2020.10.30.; felhasználási türelmi idő: 2021.10.30.,https://portal.nebih.gov.hu/visszavont-es-lejart-ervenyessegu-novenyvedo-szerek,2026-08-25T08:58:00.872155+00:00,2021.10.30.,alapengedély
Juwel,HU,not_applicable,2020-04-30,2021-10-30,Nébih visszavont/lejárt lista; engedély típusa: alapengedély; engedély érvényessége: 2020.04.30.; kereskedelmi türelmi idő: 2020.10.30.; felhasználási türelmi idő: 2021.10.30.,https://portal.nebih.gov.hu/visszavont-es-lejart-ervenyessegu-novenyvedo-szerek,2026-08-25T08:58:00.872166+00:00,2021.10.30.,alapengedély
Leander Top,HU,not_applicable,2020-04-30,2021-10-30,Nébih visszavont/lejárt lista; engedély típusa: alapengedély; engedély érvényessége: 2020.04.30.; kereskedelmi türelmi idő: 2020.10.30.; felhasználási türelmi idő: 2021.10.30.,https://portal.nebih.gov.hu/visszavont-es-lejart-ervenyessegu-novenyvedo-szerek,2026-08-25T08:58:00.872176+00:00,2021.10.30.,alapengedély
Opera New,HU,not_applicable,2020-04-30,2021-10-30,Nébih visszavont/lejárt lista; engedély típusa: alapengedély; engedély érvényessége: 2020.04.30.; kereskedelmi türelmi idő: 2020.10.30.; felhasználási türelmi idő: 2021.10.30.,https://portal.nebih.gov.hu/visszavont-es-lejart-ervenyessegu-novenyvedo-szerek,2026-08-25T08:58:00.872185+00:00,2021.10.30.,alapengedély
Osiris,HU,not_applicable,2020-04-30,2021-10-30,Nébih visszavont/lejárt lista; engedély típusa: alapengedély; engedély érvényessége: 2020.04.30.; kereskedelmi türelmi idő: 2020.10.30.; felhasználási türelmi idő: 2021.10.30.,https://portal.nebih.gov.hu/visszavont-es-lejart-ervenyessegu-novenyvedo-szerek,2026-08-25T08:58:00.872194+00:00,2021.10.30.,alapengedély
Retengo Plus,HU,not_applicable,2020-04-30,2021-10-30,Nébih visszavont/lejárt lista; engedély típusa: alapengedély; engedély érvényessége: 2020.04.30.; kereskedelmi türelmi idő: 2020.10.30.; felhasználási türelmi idő: 2021.10.30.,https://portal.nebih.gov.hu/visszavont-es-lejart-ervenyessegu-novenyvedo-szerek,2026-08-25T08:58:00.872206+00:00,2021.10.30.,alapengedély
Rubric,HU,not_applicable,2020-04-30,2021-10-30,Nébih visszavont/lejárt lista; engedély típusa: alapengedély; engedély érvényessége: 2020.04.30.; kereskedelmi türelmi idő: 2020.10.30.; felhasználási türelmi idő: 2021.10.30.,https://portal.nebih.gov.hu/visszavont-es-lejart-ervenyessegu-novenyvedo-szerek,2026-08-25T08:58:00.872215+00:00,2021.10.30.,alapengedély
Seguris,HU,not_applicable,2020-04-30,2021-10-30,Nébih visszavont/lejárt lista; engedély típusa: alapengedély; engedély érvényessége: 2020.04.30.; kereskedelmi türelmi idő: 2020.10.30.; felhasználási türelmi idő: 2021.10.30.,https://portal.nebih.gov.hu/visszavont-es-lejart-ervenyessegu-novenyvedo-szerek,2026-08-25T08:58:00.872224+00:00,2021.10.30.,alapengedély
Soprano,HU,not_applicable,2020-04-30,2021-10-30,Nébih visszavont/lejárt lista; engedély típusa: alapengedély; engedély érvényessége: 2020.04.30.; kereskedelmi türelmi idő: 2020.10.30.; felhasználási türelmi idő: 2021.10.30.,https://portal.nebih.gov.hu/visszavont-es-lejart-ervenyessegu-novenyvedo-szerek,2026-08-25T08:58:00.872233+00:00,2021.10.30.,alapengedély
Envidor 240 SC,HU,not_applicable,2020-07-31,2021-07-31,Nébih visszavont/lejárt lista; engedély típusa: alapengedély; engedély érvényessége: 2020.07.31.; kereskedelmi türelmi idő: 2021.01.31.; felhasználási türelmi idő: 2021.07.31.,https://portal.nebih.gov.hu/visszavont-es-lejart-ervenyessegu-novenyvedo-szerek,2026-08-25T08:58:00.872242+00:00,2021.07.31.,alapengedély
Dual Gold 960 EC (származási ország: Románia),HU,unknown,2019-10-31,,Nébih visszavont/lejárt lista; engedély típusa: párhuzamos engedély (Ref: Dual Gold 960 EC); engedély érvényessége: 2019.10.31.; kereskedelmi türelmi idő: 2020.04.30.; felhasználási türelmi idő: eltarthatósági idő végéig,https://portal.nebih.gov.hu/visszavont-es-lejart-ervenyessegu-novenyvedo-szerek,2026-08-25T08:58:00.872256+00:00,eltarthatósági idő végéig,párhuzamos engedély (Ref: Dual Gold 960 EC)
Agria Alfa Cipermetrin (származási ország: Spanyolország),HU,not_applicable,2020-05-30,2021-10-31,Nébih visszavont/lejárt lista; engedély típusa: párhuzamos engedély (Ref: Fendona 10 EC); engedély érvényessége: 2020.05.30.; kereskedelmi türelmi idő: 2020.10.31.; felhasználási türelmi idő: 2021.10.31.,https://portal.nebih.gov.hu/visszavont-es-lejart-ervenyessegu-novenyvedo-szerek,2026-08-25T08:58:00.872269+00:00,2021.10.31.,párhuzamos engedély (Ref: Fendona 10 EC)
Laudis (származási ország: Horvátország),HU,unknown,2020-03-01,,Nébih visszavont/lejárt lista; engedély típusa: párhuzamos engedély (Ref: Laudis); engedély érvényessége: 2020.03.01.; kereskedelmi türelmi idő: 2020.09.01.; felhasználási türelmi idő: eltarthatósági idő végéig,https://portal.nebih.gov.hu/visszavont-es-lejart-ervenyessegu-novenyvedo-szerek,2026-08-25T08:58:00.872280+00:00,eltarthatósági idő végéig,párhuzamos engedély (Ref: Laudis)
Laudis (származási ország: Szlovénia),HU,unknown,2020-03-01,,Nébih visszavont/lejárt lista; engedély típusa: párhuzamos engedély (Ref: Laudis); engedély érvényessége: 2020.03.01.; kereskedelmi türelmi idő: 2020.09.01.; felhasználási türelmi idő: eltarthatósági idő végéig,https://portal.nebih.gov.hu/visszavont-es-lejart-ervenyessegu-novenyvedo-szerek,2026-08-25T08:58:00.872293+00:00,eltarthatósági idő végéig,párhuzamos engedély (Ref: Laudis)
Limit (származási ország: Szlovénia),HU,unknown,2020-03-01,,Nébih visszavont/lejárt lista; engedély típusa: párhuzamos engedély (Ref: Laudis); engedély érvényessége: 2020.03.01.; kereskedelmi türelmi idő: 2020.09.01.; felhasználási türelmi idő: eltarthatósági idő végéig,https://portal.nebih.gov.hu/visszavont-es-lejart-ervenyessegu-novenyvedo-szerek,2026-08-25T08:58:00.872304+00:00,eltarthatósági idő végéig,párhuzamos engedély (Ref: Laudis)
Nuprid 600 FS red,HU,unknown,2020-07-31,,Nébih visszavont/lejárt lista; engedély típusa: alapengedély; engedély érvényessége: 2020.07.31.; kereskedelmi türelmi idő: 2021.01.31.; felhasználási türelmi idő: eltarthatósági idő végéig,https://portal.nebih.gov.hu/visszavont-es-lejart-ervenyessegu-novenyvedo-szerek,2026-08-25T08:58:00.872314+00:00,eltarthatósági idő végéig,alapengedély
Nuprid Max,HU,unknown,2020-08-31,,Nébih visszavont/lejárt lista; engedély típusa: alapengedély; engedély érvényessége: 2020.08.31.; kereskedelmi türelmi idő: -; felhasználási türelmi idő: eltarthatósági idő végéig,https://portal.nebih.gov.hu/visszavont-es-lejart-ervenyessegu-novenyvedo-szerek,2026-08-25T08:58:00.872324+00:00,eltarthatósági idő végéig,alapengedély
Tebu Super 250 EW (származási ország: Ausztria),HU,unknown,2020-08-31,,Nébih visszavont/lejárt lista; engedély típusa: párhuzamos engedély (Ref: Tebusha 25 EW); engedély érvényessége: 2020.08.31.; kereskedelmi türelmi idő: 2021.02.28.; felhasználási türelmi idő: eltarthatósági idő végéig,https://portal.nebih.gov.hu/visszavont-es-lejart-ervenyessegu-novenyvedo-szerek,2026-08-25T08:58:00.872337+00:00,eltarthatósági idő végéig,párhuzamos engedély (Ref: Tebusha 25 EW)
Perenal,HU,not_applicable,2020-12-31,2022-06-30,Nébih visszavont/lejárt lista; engedély típusa: alapengedély; engedély érvényessége: 2020.12.31.; kereskedelmi türelmi idő: 2021.06.30.; felhasználási türelmi idő: 2022.06.30.,https://portal.nebih.gov.hu/visszavont-es-lejart-ervenyessegu-novenyvedo-szerek,2026-08-25T08:58:00.872347+00:00,2022.06.30.,alapengedély
Gallant super,HU,not_applicable,2020-12-31,2022-06-30,Nébih visszavont/lejárt lista; engedély típusa: származtatott engedély; engedély érvényessége: 2020.12.31.; kereskedelmi türelmi idő: 2021.06.30.; felhasználási türelmi idő: 2022.06.30.,https://portal.nebih.gov.hu/visszavont-es-lejart-ervenyessegu-novenyvedo-szerek,2026-08-25T08:58:00.872358+00:00,2022.06.30.,származtatott engedély
Tilmor (származási ország: Románia),HU,unknown,2020-08-31,,Nébih visszavont/lejárt lista; engedély típusa: párhuzamos engedély (Ref: Tilmor); engedély érvényessége: 2020.08.31.; kereskedelmi türelmi idő: 2021.02.28.; felhasználási türelmi idő: eltarthatósági idő végéig,https://portal.nebih.gov.hu/visszavont-es-lejart-ervenyessegu-novenyvedo-szerek,2026-08-25T08:58:00.872369+00:00,eltarthatósági idő végéig,párhuzamos engedély (Ref: Tilmor)
Difo 25 % EC (származási ország: Ausztria),HU,unknown,2019-12-31,,Nébih visszavont/lejárt lista; engedély típusa: párhuzamos engedély (Ref: Difeno 25 EC); engedély érvényessége: 2019.12.31.; kereskedelmi türelmi idő: 2020.06.30.; felhasználási türelmi idő: eltarthatósági idő végéig,https://portal.nebih.gov.hu/visszavont-es-lejart-ervenyessegu-novenyvedo-szerek,2026-08-25T08:58:00.872380+00:00,eltarthatósági idő végéig,párhuzamos engedély (Ref: Difeno 25 EC)
Watt (származási ország: Szlovákia),HU,unknown,2020-11-30,,Nébih visszavont/lejárt lista; engedély típusa: párhuzamos engedély (Ref: Quick 5 EC); engedély érvényessége: 2020.11.30.; kereskedelmi türelmi idő: 2021.05.31.; felhasználási türelmi idő: eltarthatósági idő végéig,https://portal.nebih.gov.hu/visszavont-es-lejart-ervenyessegu-novenyvedo-szerek,2026-08-25T08:58:00.872392+00:00,eltarthatósági idő végéig,párhuzamos engedély (Ref: Quick 5 EC)
Agria Difenokonazol (származási ország: Egyesült Királyság),HU,unknown,2020-12-31,,Nébih visszavont/lejárt lista; engedély típusa: párhuzamos engedély (Ref: Score 250 EC); engedély érvényessége: 2020.12.31.; kereskedelmi türelmi idő: 2021.06.30.; felhasználási türelmi idő: eltarthatósági idő végéig,https://portal.nebih.gov.hu/visszavont-es-lejart-ervenyessegu-novenyvedo-szerek,2026-08-25T08:58:00.872403+00:00,eltarthatósági idő végéig,párhuzamos engedély (Ref: Score 250 EC)
Listego (Nitrogénművek) (származási ország: Románia),HU,not_applicable,2020-11-30,2022-04-28,Nébih visszavont/lejárt lista; engedély típusa: párhuzamos engedély (Ref: Pulsar 40 SL); engedély érvényessége: 2020.11.30.; kereskedelmi türelmi idő: 2021.04.28.; felhasználási türelmi idő: 2022.04.28.,https://portal.nebih.gov.hu/visszavont-es-lejart-ervenyessegu-novenyvedo-szerek,2026-08-25T08:58:00.872414+00:00,2022.04.28.,párhuzamos engedély (Ref: Pulsar 40 SL)
Pulsar 40 SL (Agria) (származási ország: Románia),HU,not_applicable,2020-11-30,2022-04-28,Nébih visszavont/lejárt lista; engedély típusa: párhuzamos engedély (Ref: Pulsar 40 SL); engedély érvényessége: 2020.11.30.; kereskedelmi türelmi idő: 2021.04.28.; felhasználási türelmi idő: 2022.04.28.,https://portal.nebih.gov.hu/visszavont-es-lejart-ervenyessegu-novenyvedo-szerek,2026-08-25T08:58:00.872427+00:00,2022.04.28.,párhuzamos engedély (Ref: Pulsar 40 SL)
Puls (Becesane) (származási ország: Románia),HU,not_applicable,2020-11-30,2022-04-28,Nébih visszavont/lejárt lista; engedély típusa: párhuzamos engedély (Ref: Pulsar 40 SL); engedély érvényessége: 2020.11.30.; kereskedelmi türelmi idő: 2021.04.28.; felhasználási türelmi idő: 2022.04.28.,https://portal.nebih.gov.hu/visszavont-es-lejart-ervenyessegu-novenyvedo-szerek,2026-08-25T08:58:00.872440+00:00,2022.04.28.,párhuzamos engedély (Ref: Pulsar 40 SL)
Press (Vetco) (származási ország: Románia),HU,not_applicable,2020-11-30,2022-04-28,Nébih visszavont/lejárt lista; engedély típusa: párhuzamos engedély (Ref: Pulsar 40 SL); engedély érvényessége: 2020.11.30.; kereskedelmi türelmi idő: 2021.04.28.; felhasználási türelmi idő: 2022.04.28.,https://portal.nebih.gov.hu/visszavont-es-lejart-ervenyessegu-novenyvedo-szerek,2026-08-25T08:58:00.872451+00:00,2022.04.28.,párhuzamos engedély (Ref: Pulsar 40 SL)
Pulsar 40 SL (Prefix) (származási ország: Románia),HU,not_applicable,2020-11-30,2022-04-28,Nébih visszavont/lejárt lista; engedély típusa: párhuzamos engedély (Ref: Pulsar 40 SL); engedély érvényessége: 2020.11.30.; kereskedelmi türelmi idő: 2021.04.28.; felhasználási türelmi idő: 2022.04.28.,https://portal.nebih.gov.hu/visszavont-es-lejart-ervenyessegu-novenyvedo-szerek,2026-08-25T08:58:00.872461+00:00,2022.04.28.,párhuzamos engedély (Ref: Pulsar 40 SL)
Pulsar 40 (Agria) (származási ország: Horvátország),HU,not_applicable,2020-11-30,2022-04-28,Nébih visszavont/lejárt lista; engedély típusa: párhuzamos engedély (Ref: Pulsar 40 SL); engedély érvényessége: 2020.11.30.; kereskedelmi türelmi idő: 2021.04.28.; felhasználási türelmi idő: 2022.04.28.,https://portal.nebih.gov.hu/visszavont-es-lejart-ervenyessegu-novenyvedo-szerek,2026-08-25T08:58:00.872471+00:00,2022.04.28.,párhuzamos engedély (Ref: Pulsar 40 SL)
Pulsar 40 (Agria) (származási ország: Bulgária),HU,not_applicable,2020-11-30,2022-04-28,Nébih visszavont/lejárt lista; engedély típusa: párhuzamos engedély (Ref: Pulsar 40 SL); engedély érvényessége: 2020.11.30.; kereskedelmi türelmi idő: 2021.04.28.; felhasználási türelmi idő: 2022.04.28.,https://portal.nebih.gov.hu/visszavont-es-lejart-ervenyessegu-novenyvedo-szerek,2026-08-25T08:58:00.872481+00:00,2022.04.28.,párhuzamos engedély (Ref: Pulsar 40 SL)
Listego (Agria) (származási ország: Románia),HU,not_applicable,2020-11-30,2022-04-28,Nébih visszavont/lejárt lista; engedély típusa: párhuzamos engedély (Ref: Pulsar 40 SL); engedély érvényessége: 2020.11.30.; kereskedelmi türelmi idő: 2021.04.28.; felhasználási türelmi idő: 2022.04.28.,https://portal.nebih.gov.hu/visszavont-es-lejart-ervenyessegu-novenyvedo-szerek,2026-08-25T08:58:00.872493+00:00,2022.04.28.,párhuzamos engedély (Ref: Pulsar 40 SL)
Pulsar 40 SL (Nitrogénművek) (származási ország: Románia),HU,not_applicable,2020-11-30,2022-04-28,Nébih visszavont/lejárt lista; engedély típusa: párhuzamos engedély (Ref: Pulsar 40 SL); engedély érvényessége: 2020.11.30.; kereskedelmi türelmi idő: 2021.04.28.; felhasználási türelmi idő: 2022.04.28.,https://portal.nebih.gov.hu/visszavont-es-lejart-ervenyessegu-novenyvedo-szerek,2026-08-25T08:58:00.872503+00:00,2022.04.28.,párhuzamos engedély (Ref: Pulsar 40 SL)
Kohinor 200 SL,HU,not_applicable,2020-12-01,2022-06-01,Nébih visszavont/lejárt lista; engedély típusa: alapengedély; engedély érvényessége: 2020.12.01.; kereskedelmi türelmi idő: 2021.06.01.; felhasználási türelmi idő: 2022.06.01.,https://portal.nebih.gov.hu/visszavont-es-lejart-ervenyessegu-novenyvedo-szerek,2026-08-25T08:58:00.872513+00:00,2022.06.01.,alapengedély
Confidor 200 SL,HU,not_applicable,2020-12-01,2022-06-01,Nébih visszavont/lejárt lista; engedély típusa: alapengedély; engedély érvényessége: 2020.12.01.; kereskedelmi türelmi idő: 2021.06.01.; felhasználási türelmi idő: 2022.06.01.,https://portal.nebih.gov.hu/visszavont-es-lejart-ervenyessegu-novenyvedo-szerek,2026-08-25T08:58:00.872522+00:00,2022.06.01.,alapengedély
Fury 10 EW,HU,not_applicable,2020-12-01,2022-06-01,Nébih visszavont/lejárt lista; engedély típusa: alapengedély; engedély érvényessége: 2020.12.01.; kereskedelmi türelmi idő: 2021.06.01.; felhasználási türelmi idő: 2022.06.01.,https://portal.nebih.gov.hu/visszavont-es-lejart-ervenyessegu-novenyvedo-szerek,2026-08-25T08:58:00.872532+00:00,2022.06.01.,alapengedély
Mido 20 SL,HU,not_applicable,2020-12-01,2022-06-01,Nébih visszavont/lejárt lista; engedély típusa: alapengedély; engedély érvényessége: 2020.12.01.; kereskedelmi türelmi idő: 2021.06.01.; felhasználási türelmi idő: 2022.06.01.,https://portal.nebih.gov.hu/visszavont-es-lejart-ervenyessegu-novenyvedo-szerek,2026-08-25T08:58:00.872565+00:00,2022.06.01.,alapengedély
Nemacur 240 CS,HU,not_applicable,2021-03-23,2021-09-23,Nébih visszavont/lejárt lista; engedély típusa: alapengedély; engedély érvényessége: 2021.03.23.; kereskedelmi türelmi idő: 2021.05.31.; felhasználási türelmi idő: 2021.09.23.,https://portal.nebih.gov.hu/visszavont-es-lejart-ervenyessegu-novenyvedo-szerek,2026-08-25T08:58:00.872576+00:00,2021.09.23.,alapengedély
Nuprid Max,HU,not_applicable,2020-12-01,2022-06-01,Nébih visszavont/lejárt lista; engedély típusa: alapengedély; engedély érvényessége: 2020.12.01.; kereskedelmi türelmi idő: 2021.06.01.; felhasználási türelmi idő: 2022.06.01.,https://portal.nebih.gov.hu/visszavont-es-lejart-ervenyessegu-novenyvedo-szerek,2026-08-25T08:58:00.872585+00:00,2022.06.01.,alapengedély
Polytanol,HU,not_applicable,2020-12-01,2022-06-01,Nébih visszavont/lejárt lista; engedély típusa: alapengedély; engedély érvényessége: 2020.12.01.; kereskedelmi türelmi idő: 2021.06.01.; felhasználási türelmi idő: 2022.06.01.,https://portal.nebih.gov.hu/visszavont-es-lejart-ervenyessegu-novenyvedo-szerek,2026-08-25T08:58:00.872595+00:00,2022.06.01.,alapengedély
Seed Oprid 600 FS,HU,not_applicable,2020-12-01,2022-06-01,Nébih visszavont/lejárt lista; engedély típusa: alapengedély; engedély érvényessége: 2020.12.01.; kereskedelmi türelmi idő: 2021.06.01.; felhasználási türelmi idő: 2022.06.01.,https://portal.nebih.gov.hu/visszavont-es-lejart-ervenyessegu-novenyvedo-szerek,2026-08-25T08:58:00.872605+00:00,2022.06.01.,alapengedély
Warrant 200 SL,HU,not_applicable,2020-12-01,2022-06-01,Nébih visszavont/lejárt lista; engedély típusa: alapengedély; engedély érvényessége: 2020.12.01.; kereskedelmi türelmi idő: 2021.06.01.; felhasználási türelmi idő: 2022.06.01.,https://portal.nebih.gov.hu/visszavont-es-lejart-ervenyessegu-novenyvedo-szerek,2026-08-25T08:58:00.872616+00:00,2022.06.01.,alapengedély
Kohinor 200 SL (származási ország: Románia),HU,not_applicable,2020-12-01,2022-06-01,Nébih visszavont/lejárt lista; engedély típusa: párhuzamos engedély (Ref: Kohinor 200 SL); engedély érvényessége: 2020.12.01.; kereskedelmi türelmi idő: 2021.06.01.; felhasználási türelmi idő: 2022.06.01.,https://portal.nebih.gov.hu/visszavont-es-lejart-ervenyessegu-novenyvedo-szerek,2026-08-25T08:58:00.872628+00:00,2022.06.01.,párhuzamos engedély (Ref: Kohinor 200 SL)
Floramite 240 SC (származási ország: Románia),HU,unknown,2020-11-30,,Nébih visszavont/lejárt lista; engedély típusa: párhuzamos engedély (Ref: Floramite 240 SC); engedély érvényessége: 2020.11.30.; kereskedelmi türelmi idő: 2021.05.31.; felhasználási türelmi idő: eltarthatósági idő végéig,https://portal.nebih.gov.hu/visszavont-es-lejart-ervenyessegu-novenyvedo-szerek,2026-08-25T08:58:00.872640+00:00,eltarthatósági idő végéig,párhuzamos engedély (Ref: Floramite 240 SC)
Kyleo,HU,not_applicable,2020-08-01,2022-01-01,Nébih visszavont/lejárt lista; engedély típusa: alapengedély; engedély érvényessége: 2020.08.01.; kereskedelmi türelmi idő: 2021.02.01.; felhasználási türelmi idő: 2022.01.01.,https://portal.nebih.gov.hu/visszavont-es-lejart-ervenyessegu-novenyvedo-szerek,2026-08-25T08:58:00.872649+00:00,2022.01.01.,alapengedély
Starship,HU,not_applicable,2020-09-30,2022-03-31,Nébih visszavont/lejárt lista; engedély típusa: alapengedély; engedély érvényessége: 2020.09.30.; kereskedelmi türelmi idő: 2021.03.31.; felhasználási türelmi idő: 2022.03.31.,https://portal.nebih.gov.hu/visszavont-es-lejart-ervenyessegu-novenyvedo-szerek,2026-08-25T08:58:00.872658+00:00,2022.03.31.,alapengedély
Dominator Zöld,HU,unknown,2020-12-01,,Nébih visszavont/lejárt lista; engedély típusa: alapengedély; engedély érvényessége: 2020.12.01.; kereskedelmi türelmi idő: 2021.03.01.; felhasználási türelmi idő: eltarthatósági idő végéig,https://portal.nebih.gov.hu/visszavont-es-lejart-ervenyessegu-novenyvedo-szerek,2026-08-25T08:58:00.872668+00:00,eltarthatósági idő végéig,alapengedély
Glialka Gél Max,HU,not_applicable,2020-08-01,2022-01-01,Nébih visszavont/lejárt lista; engedély típusa: alapengedély; engedély érvényessége: 2020.08.01.; kereskedelmi türelmi idő: 2021.02.01.; felhasználási türelmi idő: 2022.01.01.,https://portal.nebih.gov.hu/visszavont-es-lejart-ervenyessegu-novenyvedo-szerek,2026-08-25T08:58:00.872678+00:00,2022.01.01.,alapengedély
Bulldock 25 EC,HU,not_applicable,2021-01-20,2021-07-20,Nébih visszavont/lejárt lista; engedély típusa: alapengedély; engedély érvényessége: 2021.01.20.; kereskedelmi türelmi idő: 2021.06.01.; felhasználási türelmi idő: 2021.07.20.,https://portal.nebih.gov.hu/visszavont-es-lejart-ervenyessegu-novenyvedo-szerek,2026-08-25T08:58:00.872687+00:00,2021.07.20.,alapengedély
Chinook 200 FS,HU,not_applicable,2021-01-20,2021-07-20,Nébih visszavont/lejárt lista; engedély típusa: alapengedély; engedély érvényessége: 2021.01.20.; kereskedelmi türelmi idő: 2021.05.31.; felhasználási türelmi idő: 2021.07.20.,https://portal.nebih.gov.hu/visszavont-es-lejart-ervenyessegu-novenyvedo-szerek,2026-08-25T08:58:00.872704+00:00,2021.07.20.,alapengedély
Chinook Blue,HU,not_applicable,2021-01-20,2021-07-20,Nébih visszavont/lejárt lista; engedély típusa: alapengedély; engedély érvényessége: 2021.01.20.; kereskedelmi türelmi idő: 2021.05.31.; felhasználási türelmi idő: 2021.07.20.,https://portal.nebih.gov.hu/visszavont-es-lejart-ervenyessegu-novenyvedo-szerek,2026-08-25T08:58:00.872715+00:00,2021.07.20.,alapengedély
"Ridomil Gold Plus 42,5 WP",HU,not_applicable,2020-12-31,2022-06-30,Nébih visszavont/lejárt lista; engedély típusa: alapengedély; engedély érvényessége: 2020.12.31.; kereskedelmi türelmi idő: 2021.06.30.; felhasználási türelmi idő: 2022.06.30.,https://portal.nebih.gov.hu/visszavont-es-lejart-ervenyessegu-novenyvedo-szerek,2026-08-25T08:58:00.872725+00:00,2022.06.30.,alapengedély
Vival 360,HU,unknown,2020-12-31,,Nébih visszavont/lejárt lista; engedély típusa: származtatott engedély; engedély érvényessége: 2020.12.31.; kereskedelmi türelmi idő: 2021.05.31.; felhasználási türelmi idő: eltarthatósági idő végéig,https://portal.nebih.gov.hu/visszavont-es-lejart-ervenyessegu-novenyvedo-szerek,2026-08-25T08:58:00.872735+00:00,eltarthatósági idő végéig,származtatott engedély
Winner 360,HU,unknown,2020-12-31,,Nébih visszavont/lejárt lista; engedély típusa: származtatott engedély; engedély érvényessége: 2020.12.31.; kereskedelmi türelmi idő: 2021.05.31.; felhasználási türelmi idő: eltarthatósági idő végéig,https://portal.nebih.gov.hu/visszavont-es-lejart-ervenyessegu-novenyvedo-szerek,2026-08-25T08:58:00.872747+00:00,eltarthatósági idő végéig,származtatott engedély
Figaro,HU,unknown,2020-12-31,,Nébih visszavont/lejárt lista; engedély típusa: származtatott engedély; engedély érvényessége: 2020.12.31.; kereskedelmi türelmi idő: 2021.05.31.; felhasználási türelmi idő: eltarthatósági idő végéig,https://portal.nebih.gov.hu/visszavont-es-lejart-ervenyessegu-novenyvedo-szerek,2026-08-25T08:58:00.872757+00:00,eltarthatósági idő végéig,származtatott engedély
Mospilan 20 SG (GlobAgro) (származási ország: Spanyolország),HU,unknown,2020-12-31,,Nébih visszavont/lejárt lista; engedély típusa: párhuzamos engedély (Ref.: Mospilan 20 SG); engedély érvényessége: 2020.12.31.; kereskedelmi türelmi idő: 2021.06.30.; felhasználási türelmi idő: eltarthatósági idő végéig,https://portal.nebih.gov.hu/visszavont-es-lejart-ervenyessegu-novenyvedo-szerek,2026-08-25T08:58:00.872771+00:00,eltarthatósági idő végéig,párhuzamos engedély (Ref.: Mospilan 20 SG)
Mospilan 20 SG (Agria) (származási ország: Ausztria),HU,unknown,2020-12-31,,Nébih visszavont/lejárt lista; engedély típusa: párhuzamos engedély (Ref.: Mospilan 20 SG); engedély érvényessége: 2020.12.31.; kereskedelmi türelmi idő: 2021.06.30.; felhasználási türelmi idő: eltarthatósági idő végéig,https://portal.nebih.gov.hu/visszavont-es-lejart-ervenyessegu-novenyvedo-szerek,2026-08-25T08:58:00.872782+00:00,eltarthatósági idő végéig,párhuzamos engedély (Ref.: Mospilan 20 SG)
Gazel Plus SG (VG Agro) (származási ország: Spanyolország),HU,unknown,2020-12-31,,Nébih visszavont/lejárt lista; engedély típusa: párhuzamos engedély (Ref.: Mospilan 20 SG); engedély érvényessége: 2020.12.31.; kereskedelmi türelmi idő: 2021.06.30.; felhasználási türelmi idő: eltarthatósági idő végéig,https://portal.nebih.gov.hu/visszavont-es-lejart-ervenyessegu-novenyvedo-szerek,2026-08-25T08:58:00.872793+00:00,eltarthatósági idő végéig,párhuzamos engedély (Ref.: Mospilan 20 SG)
Gazel Plus SG (Prefix) (származási ország: Spanyolország),HU,unknown,2020-12-31,,Nébih visszavont/lejárt lista; engedély típusa: párhuzamos engedély (Ref.: Mospilan 20 SG); engedély érvényessége: 2020.12.31.; kereskedelmi türelmi idő: 2021.06.30.; felhasználási türelmi idő: eltarthatósági idő végéig,https://portal.nebih.gov.hu/visszavont-es-lejart-ervenyessegu-novenyvedo-szerek,2026-08-25T08:58:00.872803+00:00,eltarthatósági idő végéig,párhuzamos engedély (Ref.: Mospilan 20 SG)
Gazel Plus SG (Agria) (származási ország: Spanyolország),HU,unknown,2020-12-31,,Nébih visszavont/lejárt lista; engedély típusa: párhuzamos engedély (Ref.: Mospilan 20 SG); engedély érvényessége: 2020.12.31.; kereskedelmi türelmi idő: 2021.06.30.; felhasználási türelmi idő: eltarthatósági idő végéig,https://portal.nebih.gov.hu/visszavont-es-lejart-ervenyessegu-novenyvedo-szerek,2026-08-25T08:58:00.872817+00:00,eltarthatósági idő végéig,párhuzamos engedély (Ref.: Mospilan 20 SG)
Epik 20 SG (Agronauta) (származási ország: Spanyolország),HU,unknown,2020-12-31,,Nébih visszavont/lejárt lista; engedély típusa: párhuzamos engedély (Ref.: Mospilan 20 SG); engedély érvényessége: 2020.12.31.; kereskedelmi türelmi idő: 2021.06.30.; felhasználási türelmi idő: eltarthatósági idő végéig,https://portal.nebih.gov.hu/visszavont-es-lejart-ervenyessegu-novenyvedo-szerek,2026-08-25T08:58:00.872827+00:00,eltarthatósági idő végéig,párhuzamos engedély (Ref.: Mospilan 20 SG)
Attack SG (Becesane) (származási ország: Németország),HU,unknown,2020-12-31,,Nébih visszavont/lejárt lista; engedély típusa: párhuzamos engedély (Ref.: Mospilan 20 SG); engedély érvényessége: 2020.12.31.; kereskedelmi türelmi idő: 2021.06.30.; felhasználási türelmi idő: eltarthatósági idő végéig,https://portal.nebih.gov.hu/visszavont-es-lejart-ervenyessegu-novenyvedo-szerek,2026-08-25T08:58:00.872840+00:00,eltarthatósági idő végéig,párhuzamos engedély (Ref.: Mospilan 20 SG)
Bromotril 40 EC,HU,not_applicable,2021-03-14,2021-09-14,Nébih visszavont/lejárt lista; engedély típusa: alapengedély; engedély érvényessége: 2021.03.14.; kereskedelmi türelmi idő: 2021.07.14.; felhasználási türelmi idő: 2021.09.14.,https://portal.nebih.gov.hu/visszavont-es-lejart-ervenyessegu-novenyvedo-szerek,2026-08-25T08:58:00.872852+00:00,2021.09.14.,alapengedély
Dimilin 25 WP,HU,unknown,2021-01-31,,Nébih visszavont/lejárt lista; engedély típusa: alapengedély; engedély érvényessége: 2021.01.31.; kereskedelmi türelmi idő: 2021.07.31.; felhasználási türelmi idő: eltarthatósági idő végéig,https://portal.nebih.gov.hu/visszavont-es-lejart-ervenyessegu-novenyvedo-szerek,2026-08-25T08:58:00.872862+00:00,eltarthatósági idő végéig,alapengedély
Bromotril 25 SC,HU,not_applicable,2021-03-14,2021-09-14,Nébih visszavont/lejárt lista; engedély típusa: alapengedély; engedély érvényessége: 2021.03.14.; kereskedelmi türelmi idő: 2021.07.14.; felhasználási türelmi idő: 2021.09.14.,https://portal.nebih.gov.hu/visszavont-es-lejart-ervenyessegu-novenyvedo-szerek,2026-08-25T08:58:00.872872+00:00,2021.09.14.,alapengedély
Emblem,HU,not_applicable,2021-03-14,2021-09-14,Nébih visszavont/lejárt lista; engedély típusa: alapengedély; engedély érvényessége: 2021.03.14.; kereskedelmi türelmi idő: 2021.07.14.; felhasználási türelmi idő: 2021.09.14.,https://portal.nebih.gov.hu/visszavont-es-lejart-ervenyessegu-novenyvedo-szerek,2026-08-25T08:58:00.872881+00:00,2021.09.14.,alapengedély
Mextrol B,HU,not_applicable,2021-03-14,2021-09-14,Nébih visszavont/lejárt lista; engedély típusa: alapengedély; engedély érvényessége: 2021.03.14.; kereskedelmi türelmi idő: 2021.07.14.; felhasználási türelmi idő: 2021.09.14.,https://portal.nebih.gov.hu/visszavont-es-lejart-ervenyessegu-novenyvedo-szerek,2026-08-25T08:58:00.872890+00:00,2021.09.14.,alapengedély
Nagano,HU,not_applicable,2021-03-14,2021-09-14,Nébih visszavont/lejárt lista; engedély típusa: alapengedély; engedély érvényessége: 2021.03.14.; kereskedelmi türelmi idő: 2021.07.14.; felhasználási türelmi idő: 2021.09.14.,https://portal.nebih.gov.hu/visszavont-es-lejart-ervenyessegu-novenyvedo-szerek,2026-08-25T08:58:00.872899+00:00,2021.09.14.,alapengedély
Pardner,HU,not_applicable,2021-03-14,2021-09-14,Nébih visszavont/lejárt lista; engedély típusa: alapengedély; engedély érvényessége: 2021.03.14.; kereskedelmi türelmi idő: 2021.07.14.; felhasználási türelmi idő: 2021.09.14.,https://portal.nebih.gov.hu/visszavont-es-lejart-ervenyessegu-novenyvedo-szerek,2026-08-25T08:58:00.872908+00:00,2021.09.14.,alapengedély
Sabel 225,HU,not_applicable,2021-03-14,2021-09-14,Nébih visszavont/lejárt lista; engedély típusa: származtatott engedély; engedély érvényessége: 2021.03.14.; kereskedelmi türelmi idő: 2021.07.14.; felhasználási türelmi idő: 2021.09.14.,https://portal.nebih.gov.hu/visszavont-es-lejart-ervenyessegu-novenyvedo-szerek,2026-08-25T08:58:00.872918+00:00,2021.09.14.,származtatott engedély
Sunflex 40 EC,HU,not_applicable,2021-03-14,2021-09-14,Nébih visszavont/lejárt lista; engedély típusa: származtatott engedély; engedély érvényessége: 2021.03.14.; kereskedelmi türelmi idő: 2021.07.14.; felhasználási türelmi idő: 2021.09.14.,https://portal.nebih.gov.hu/visszavont-es-lejart-ervenyessegu-novenyvedo-szerek,2026-08-25T08:58:00.872931+00:00,2021.09.14.,származtatott engedély
Zeagran 340 SE,HU,not_applicable,2021-03-14,2021-09-14,Nébih visszavont/lejárt lista; engedély típusa: alapengedély; engedély érvényessége: 2021.03.14.; kereskedelmi türelmi idő: 2021.07.14.; felhasználási türelmi idő: 2021.09.14.,https://portal.nebih.gov.hu/visszavont-es-lejart-ervenyessegu-novenyvedo-szerek,2026-08-25T08:58:00.872943+00:00,2021.09.14.,alapengedély
Dynali (származási ország: Horvátország),HU,unknown,2021-03-31,,Nébih visszavont/lejárt lista; engedély típusa: párhuzamos engedély (Ref.: Dynali); engedély érvényessége: 2021.03.31.; kereskedelmi türelmi idő: 2021.09.31; felhasználási türelmi idő: eltarthatósági idő végéig,https://portal.nebih.gov.hu/visszavont-es-lejart-ervenyessegu-novenyvedo-szerek,2026-08-25T08:58:00.872956+00:00,eltarthatósági idő végéig,párhuzamos engedély (Ref.: Dynali)
Biosild Top,HU,not_applicable,2021-04-19,2021-10-19,Nébih visszavont/lejárt lista; engedély típusa: alapengedély; engedély érvényessége: 2021.04.19.; kereskedelmi türelmi idő: 2021.09.01.; felhasználási türelmi idő: 2021.10.19.,https://portal.nebih.gov.hu/visszavont-es-lejart-ervenyessegu-novenyvedo-szerek,2026-08-25T08:58:00.872965+00:00,2021.10.19.,alapengedély
Don-Q,HU,not_applicable,2021-04-19,2021-10-19,Nébih visszavont/lejárt lista; engedély típusa: alapengedély; engedély érvényessége: 2021.04.19.; kereskedelmi türelmi idő: 2021.09.01.; felhasználási türelmi idő: 2021.10.19.,https://portal.nebih.gov.hu/visszavont-es-lejart-ervenyessegu-novenyvedo-szerek,2026-08-25T08:58:00.872975+00:00,2021.10.19.,alapengedély
Topsin-M 70WDG,HU,not_applicable,2021-04-19,2021-10-19,Nébih visszavont/lejárt lista; engedély típusa: alapengedély; engedély érvényessége: 2021.04.19.; kereskedelmi türelmi idő: 2021.09.01.; felhasználási türelmi idő: 2021.10.19.,https://portal.nebih.gov.hu/visszavont-es-lejart-ervenyessegu-novenyvedo-szerek,2026-08-25T08:58:00.872984+00:00,2021.10.19.,alapengedély
Cercobin WDG,HU,not_applicable,2021-04-19,2021-10-19,Nébih visszavont/lejárt lista; engedély típusa: származtatott engedély; engedély érvényessége: 2021.04.19.; kereskedelmi türelmi idő: 2021.09.01.; felhasználási türelmi idő: 2021.10.19.,https://portal.nebih.gov.hu/visszavont-es-lejart-ervenyessegu-novenyvedo-szerek,2026-08-25T08:58:00.872994+00:00,2021.10.19.,származtatott engedély
Megysto,HU,not_applicable,2021-04-19,2021-10-19,Nébih visszavont/lejárt lista; engedély típusa: származtatott engedély; engedély érvényessége: 2021.04.19.; kereskedelmi türelmi idő: 2021.09.01.; felhasználási türelmi idő: 2021.10.19.,https://portal.nebih.gov.hu/visszavont-es-lejart-ervenyessegu-novenyvedo-szerek,2026-08-25T08:58:00.873005+00:00,2021.10.19.,származtatott engedély
Yamato,HU,not_applicable,2021-04-19,2021-10-19,Nébih visszavont/lejárt lista; engedély típusa: alapengedély; engedély érvényessége: 2021.04.19.; kereskedelmi türelmi idő: 2021.09.01.; felhasználási türelmi idő: 2021.10.19.,https://portal.nebih.gov.hu/visszavont-es-lejart-ervenyessegu-novenyvedo-szerek,2026-08-25T08:58:00.873015+00:00,2021.10.19.,alapengedély
Infinito (származási ország: Lengyelország),HU,unknown,2021-05-31,,Nébih visszavont/lejárt lista; engedély típusa: párhuzamos engedély (Ref.: Infinito); engedély érvényessége: 2021.05.31.; kereskedelmi türelmi idő: 2021.11.30.; felhasználási türelmi idő: eltarthatósági idő végéig,https://portal.nebih.gov.hu/visszavont-es-lejart-ervenyessegu-novenyvedo-szerek,2026-08-25T08:58:00.873026+00:00,eltarthatósági idő végéig,párhuzamos engedély (Ref.: Infinito)
Pergado MZ,HU,not_applicable,2021-07-04,2022-01-04,Nébih visszavont/lejárt lista; engedély típusa: alapengedély; engedély érvényessége: 2021.07.04.; kereskedelmi türelmi idő: 2021.10.04.; felhasználási türelmi idő: 2022.01.04.,https://portal.nebih.gov.hu/visszavont-es-lejart-ervenyessegu-novenyvedo-szerek,2026-08-25T08:58:00.873036+00:00,2022.01.04.,alapengedély
Nautile WG,HU,not_applicable,2021-07-04,2022-01-04,Nébih visszavont/lejárt lista; engedély típusa: alapengedély; engedély érvényessége: 2021.07.04.; kereskedelmi türelmi idő: 2021.10.04.; felhasználási türelmi idő: 2022.01.04.,https://portal.nebih.gov.hu/visszavont-es-lejart-ervenyessegu-novenyvedo-szerek,2026-08-25T08:58:00.873045+00:00,2022.01.04.,alapengedély
Moximate 725 WP,HU,not_applicable,2021-07-04,2022-01-04,Nébih visszavont/lejárt lista; engedély típusa: alapengedély; engedély érvényessége: 2021.07.04.; kereskedelmi türelmi idő: 2021.10.04.; felhasználási türelmi idő: 2022.01.04.,https://portal.nebih.gov.hu/visszavont-es-lejart-ervenyessegu-novenyvedo-szerek,2026-08-25T08:58:00.873055+00:00,2022.01.04.,alapengedély
Profilux,HU,not_applicable,2021-07-04,2022-01-04,Nébih visszavont/lejárt lista; engedély típusa: alapengedély; engedély érvényessége: 2021.07.04.; kereskedelmi türelmi idő: 2021.10.04.; felhasználási türelmi idő: 2022.01.04.,https://portal.nebih.gov.hu/visszavont-es-lejart-ervenyessegu-novenyvedo-szerek,2026-08-25T08:58:00.873067+00:00,2022.01.04.,alapengedély
Quantum MZ,HU,not_applicable,2021-07-04,2022-01-04,Nébih visszavont/lejárt lista; engedély típusa: alapengedély; engedély érvényessége: 2021.07.04.; kereskedelmi türelmi idő: 2021.10.04.; felhasználási türelmi idő: 2022.01.04.,https://portal.nebih.gov.hu/visszavont-es-lejart-ervenyessegu-novenyvedo-szerek,2026-08-25T08:58:00.873076+00:00,2022.01.04.,alapengedély
Baledo 75 WG,HU,not_applicable,2021-07-04,2022-01-04,Nébih visszavont/lejárt lista; engedély típusa: alapengedély; engedély érvényessége: 2021.07.04.; kereskedelmi türelmi idő: 2021.10.04.; felhasználási türelmi idő: 2022.01.04.,https://portal.nebih.gov.hu/visszavont-es-lejart-ervenyessegu-novenyvedo-szerek,2026-08-25T08:58:00.873087+00:00,2022.01.04.,alapengedély
Baledo 80 WP,HU,not_applicable,2021-07-04,2022-01-04,Nébih visszavont/lejárt lista; engedély típusa: alapengedély; engedély érvényessége: 2021.07.04.; kereskedelmi türelmi idő: 2021.10.04.; felhasználási türelmi idő: 2022.01.04.,https://portal.nebih.gov.hu/visszavont-es-lejart-ervenyessegu-novenyvedo-szerek,2026-08-25T08:58:00.873096+00:00,2022.01.04.,alapengedély
Baledo Gold,HU,not_applicable,2021-07-04,2022-01-04,Nébih visszavont/lejárt lista; engedély típusa: alapengedély; engedély érvényessége: 2021.07.04.; kereskedelmi türelmi idő: 2021.10.04.; felhasználási türelmi idő: 2022.01.04.,https://portal.nebih.gov.hu/visszavont-es-lejart-ervenyessegu-novenyvedo-szerek,2026-08-25T08:58:00.873106+00:00,2022.01.04.,alapengedély
Cuprofix 30 DG,HU,not_applicable,2021-07-04,2022-01-04,Nébih visszavont/lejárt lista; engedély típusa: alapengedély; engedély érvényessége: 2021.07.04.; kereskedelmi türelmi idő: 2021.10.04.; felhasználási türelmi idő: 2022.01.04.,https://portal.nebih.gov.hu/visszavont-es-lejart-ervenyessegu-novenyvedo-szerek,2026-08-25T08:58:00.873115+00:00,2022.01.04.,alapengedély
Micexanil WP,HU,not_applicable,2021-07-04,2022-01-04,Nébih visszavont/lejárt lista; engedély típusa: alapengedély; engedély érvényessége: 2021.07.04.; kereskedelmi türelmi idő: 2021.10.04.; felhasználási türelmi idő: 2022.01.04.,https://portal.nebih.gov.hu/visszavont-es-lejart-ervenyessegu-novenyvedo-szerek,2026-08-25T08:58:00.873126+00:00,2022.01.04.,alapengedély
Electis 75 WG,HU,not_applicable,2021-07-04,2022-01-04,Nébih visszavont/lejárt lista; engedély típusa: alapengedély; engedély érvényessége: 2021.07.04.; kereskedelmi türelmi idő: 2021.10.04.; felhasználási türelmi idő: 2022.01.04.,https://portal.nebih.gov.hu/visszavont-es-lejart-ervenyessegu-novenyvedo-szerek,2026-08-25T08:58:00.873136+00:00,2022.01.04.,alapengedély
Ridomil Gold MZ 68 WG,HU,not_applicable,2021-07-04,2022-01-04,Nébih visszavont/lejárt lista; engedély típusa: alapengedély; engedély érvényessége: 2021.07.04.; kereskedelmi türelmi idő: 2021.10.04.; felhasználási türelmi idő: 2022.01.04.,https://portal.nebih.gov.hu/visszavont-es-lejart-ervenyessegu-novenyvedo-szerek,2026-08-25T08:58:00.873145+00:00,2022.01.04.,alapengedély
Valis M,HU,not_applicable,2021-07-04,2022-01-04,Nébih visszavont/lejárt lista; engedély típusa: alapengedély; engedély érvényessége: 2021.07.04.; kereskedelmi türelmi idő: 2021.10.04.; felhasználási türelmi idő: 2022.01.04.,https://portal.nebih.gov.hu/visszavont-es-lejart-ervenyessegu-novenyvedo-szerek,2026-08-25T08:58:00.873154+00:00,2022.01.04.,alapengedély
Dithane M-45,HU,not_applicable,2021-07-04,2022-01-04,Nébih visszavont/lejárt lista; engedély típusa: alapengedély; engedély érvényessége: 2021.07.04.; kereskedelmi türelmi idő: 2021.10.04.; felhasználási türelmi idő: 2022.01.04.,https://portal.nebih.gov.hu/visszavont-es-lejart-ervenyessegu-novenyvedo-szerek,2026-08-25T08:58:00.873166+00:00,2022.01.04.,alapengedély
Dithane DG Neo-Tec,HU,not_applicable,2021-07-04,2022-01-04,Nébih visszavont/lejárt lista; engedély típusa: alapengedély; engedély érvényessége: 2021.07.04.; kereskedelmi türelmi idő: 2021.10.04.; felhasználási türelmi idő: 2022.01.04.,https://portal.nebih.gov.hu/visszavont-es-lejart-ervenyessegu-novenyvedo-szerek,2026-08-25T08:58:00.873177+00:00,2022.01.04.,alapengedély
Equation Contact,HU,not_applicable,2021-07-04,2022-01-04,Nébih visszavont/lejárt lista; engedély típusa: alapengedély; engedély érvényessége: 2021.07.04.; kereskedelmi türelmi idő: 2021.10.04.; felhasználási türelmi idő: 2022.01.04.,https://portal.nebih.gov.hu/visszavont-es-lejart-ervenyessegu-novenyvedo-szerek,2026-08-25T08:58:00.873189+00:00,2022.01.04.,alapengedély
Manfil 75 WG,HU,not_applicable,2021-07-04,2022-01-04,Nébih visszavont/lejárt lista; engedély típusa: alapengedély; engedély érvényessége: 2021.07.04.; kereskedelmi türelmi idő: 2021.10.04.; felhasználási türelmi idő: 2022.01.04.,https://portal.nebih.gov.hu/visszavont-es-lejart-ervenyessegu-novenyvedo-szerek,2026-08-25T08:58:00.873198+00:00,2022.01.04.,alapengedély
Manfil 80 WP,HU,not_applicable,2021-07-04,2022-01-04,Nébih visszavont/lejárt lista; engedély típusa: alapengedély; engedély érvényessége: 2021.07.04.; kereskedelmi türelmi idő: 2021.10.04.; felhasználási türelmi idő: 2022.01.04.,https://portal.nebih.gov.hu/visszavont-es-lejart-ervenyessegu-novenyvedo-szerek,2026-08-25T08:58:00.873207+00:00,2022.01.04.,alapengedély
Valbon,HU,not_applicable,2021-07-04,2022-01-04,Nébih visszavont/lejárt lista; engedély típusa: alapengedély; engedély érvényessége: 2021.07.04.; kereskedelmi türelmi idő: 2021.10.04.; felhasználási türelmi idő: 2022.01.04.,https://portal.nebih.gov.hu/visszavont-es-lejart-ervenyessegu-novenyvedo-szerek,2026-08-25T08:58:00.873216+00:00,2022.01.04.,alapengedély
Vondozeb DG,HU,not_applicable,2021-07-04,2022-01-04,Nébih visszavont/lejárt lista; engedély típusa: alapengedély; engedély érvényessége: 2021.07.04.; kereskedelmi türelmi idő: 2021.10.04.; felhasználási türelmi idő: 2022.01.04.,https://portal.nebih.gov.hu/visszavont-es-lejart-ervenyessegu-novenyvedo-szerek,2026-08-25T08:58:00.873226+00:00,2022.01.04.,alapengedély
Vondozeb Plus,HU,not_applicable,2021-07-04,2022-01-04,Nébih visszavont/lejárt lista; engedély típusa: alapengedély; engedély érvényessége: 2021.07.04.; kereskedelmi türelmi idő: 2021.10.04.; felhasználási türelmi idő: 2022.01.04.,https://portal.nebih.gov.hu/visszavont-es-lejart-ervenyessegu-novenyvedo-szerek,2026-08-25T08:58:00.873235+00:00,2022.01.04.,alapengedély
Emzeb 80 WP,HU,not_applicable,2021-07-04,2022-01-04,Nébih visszavont/lejárt lista; engedély típusa: alapengedély; engedély érvényessége: 2021.07.04.; kereskedelmi türelmi idő: 2021.10.04.; felhasználási türelmi idő: 2022.01.04.,https://portal.nebih.gov.hu/visszavont-es-lejart-ervenyessegu-novenyvedo-szerek,2026-08-25T08:58:00.873244+00:00,2022.01.04.,alapengedély
Cupertine M,HU,not_applicable,2021-07-04,2022-01-04,Nébih visszavont/lejárt lista; engedély típusa: alapengedély; engedély érvényessége: 2021.07.04.; kereskedelmi türelmi idő: 2021.10.04.; felhasználási türelmi idő: 2022.01.04.,https://portal.nebih.gov.hu/visszavont-es-lejart-ervenyessegu-novenyvedo-szerek,2026-08-25T08:58:00.873253+00:00,2022.01.04.,alapengedély
Fudan 75 WG,HU,not_applicable,2021-07-04,2022-01-04,Nébih visszavont/lejárt lista; engedély típusa: alapengedély; engedély érvényessége: 2021.07.04.; kereskedelmi türelmi idő: 2021.10.04.; felhasználási türelmi idő: 2022.01.04.,https://portal.nebih.gov.hu/visszavont-es-lejart-ervenyessegu-novenyvedo-szerek,2026-08-25T08:58:00.873264+00:00,2022.01.04.,alapengedély
Fudan 80 WP,HU,not_applicable,2021-07-04,2022-01-04,Nébih visszavont/lejárt lista; engedély típusa: alapengedély; engedély érvényessége: 2021.07.04.; kereskedelmi türelmi idő: 2021.10.04.; felhasználási türelmi idő: 2022.01.04.,https://portal.nebih.gov.hu/visszavont-es-lejart-ervenyessegu-novenyvedo-szerek,2026-08-25T08:58:00.873273+00:00,2022.01.04.,alapengedély
Cuprosan Super F,HU,not_applicable,2021-07-04,2022-01-04,Nébih visszavont/lejárt lista; engedély típusa: származtatott engedély; engedély érvényessége: 2021.07.04.; kereskedelmi türelmi idő: 2021.10.04.; felhasználási türelmi idő: 2022.01.04.,https://portal.nebih.gov.hu/visszavont-es-lejart-ervenyessegu-novenyvedo-szerek,2026-08-25T08:58:00.873283+00:00,2022.01.04.,származtatott engedély
Gett,HU,not_applicable,2021-07-04,2022-01-04,Nébih visszavont/lejárt lista; engedély típusa: származtatott engedély; engedély érvényessége: 2021.07.04.; kereskedelmi türelmi idő: 2021.10.04.; felhasználási türelmi idő: 2022.01.04.,https://portal.nebih.gov.hu/visszavont-es-lejart-ervenyessegu-novenyvedo-szerek,2026-08-25T08:58:00.873292+00:00,2022.01.04.,származtatott engedély
Roxam 75 WG,HU,not_applicable,2021-07-04,2022-01-04,Nébih visszavont/lejárt lista; engedély típusa: származtatott engedély; engedély érvényessége: 2021.07.04.; kereskedelmi türelmi idő: 2021.10.04.; felhasználási türelmi idő: 2022.01.04.,https://portal.nebih.gov.hu/visszavont-es-lejart-ervenyessegu-novenyvedo-szerek,2026-08-25T08:58:00.873302+00:00,2022.01.04.,származtatott engedély
Avtar 75 NT,HU,not_applicable,2021-07-04,2022-01-04,Nébih visszavont/lejárt lista; engedély típusa: származtatott engedély; engedély érvényessége: 2021.07.04.; kereskedelmi türelmi idő: 2021.10.04.; felhasználási türelmi idő: 2022.01.04.,https://portal.nebih.gov.hu/visszavont-es-lejart-ervenyessegu-novenyvedo-szerek,2026-08-25T08:58:00.873311+00:00,2022.01.04.,származtatott engedély
Indofil M 45,HU,not_applicable,2021-07-04,2022-01-04,Nébih visszavont/lejárt lista; engedély típusa: származtatott engedély; engedély érvényessége: 2021.07.04.; kereskedelmi türelmi idő: 2021.10.04.; felhasználási türelmi idő: 2022.01.04.,https://portal.nebih.gov.hu/visszavont-es-lejart-ervenyessegu-novenyvedo-szerek,2026-08-25T08:58:00.873322+00:00,2022.01.04.,származtatott engedély
Manco 80 WP,HU,not_applicable,2021-07-04,2022-01-04,Nébih visszavont/lejárt lista; engedély típusa: származtatott engedély; engedély érvényessége: 2021.07.04.; kereskedelmi türelmi idő: 2021.10.04.; felhasználási türelmi idő: 2022.01.04.,https://portal.nebih.gov.hu/visszavont-es-lejart-ervenyessegu-novenyvedo-szerek,2026-08-25T08:58:00.873331+00:00,2022.01.04.,származtatott engedély
Manfil Plus 75 WG,HU,not_applicable,2021-07-04,2022-01-04,Nébih visszavont/lejárt lista; engedély típusa: származtatott engedély; engedély érvényessége: 2021.07.04.; kereskedelmi türelmi idő: 2021.10.04.; felhasználási türelmi idő: 2022.01.04.,https://portal.nebih.gov.hu/visszavont-es-lejart-ervenyessegu-novenyvedo-szerek,2026-08-25T08:58:00.873344+00:00,2022.01.04.,származtatott engedély
Milcozebe DG,HU,not_applicable,2021-07-04,2022-01-04,Nébih visszavont/lejárt lista; engedély típusa: származtatott engedély; engedély érvényessége: 2021.07.04.; kereskedelmi türelmi idő: 2021.10.04.; felhasználási türelmi idő: 2022.01.04.,https://portal.nebih.gov.hu/visszavont-es-lejart-ervenyessegu-novenyvedo-szerek,2026-08-25T08:58:00.873354+00:00,2022.01.04.,származtatott engedély
Manzate 75 DF,HU,not_applicable,2021-07-04,2022-01-04,Nébih visszavont/lejárt lista; engedély típusa: származtatott engedély; engedély érvényessége: 2021.07.04.; kereskedelmi türelmi idő: 2021.10.04.; felhasználási türelmi idő: 2022.01.04.,https://portal.nebih.gov.hu/visszavont-es-lejart-ervenyessegu-novenyvedo-szerek,2026-08-25T08:58:00.873365+00:00,2022.01.04.,származtatott engedély
Penncozeb DG,HU,not_applicable,2021-07-04,2022-01-04,Nébih visszavont/lejárt lista; engedély típusa: származtatott engedély; engedély érvényessége: 2021.07.04.; kereskedelmi türelmi idő: 2021.10.04.; felhasználási türelmi idő: 2022.01.04.,https://portal.nebih.gov.hu/visszavont-es-lejart-ervenyessegu-novenyvedo-szerek,2026-08-25T08:58:00.873375+00:00,2022.01.04.,származtatott engedély
Trimanoc DG,HU,not_applicable,2021-07-04,2022-01-04,Nébih visszavont/lejárt lista; engedély típusa: származtatott engedély; engedély érvényessége: 2021.07.04.; kereskedelmi türelmi idő: 2021.10.04.; felhasználási türelmi idő: 2022.01.04.,https://portal.nebih.gov.hu/visszavont-es-lejart-ervenyessegu-novenyvedo-szerek,2026-08-25T08:58:00.873384+00:00,2022.01.04.,származtatott engedély
Penncozeb Plus,HU,not_applicable,2021-07-04,2022-01-04,Nébih visszavont/lejárt lista; engedély típusa: származtatott engedély; engedély érvényessége: 2021.07.04.; kereskedelmi türelmi idő: 2021.10.04.; felhasználási türelmi idő: 2022.01.04.,https://portal.nebih.gov.hu/visszavont-es-lejart-ervenyessegu-novenyvedo-szerek,2026-08-25T08:58:00.873394+00:00,2022.01.04.,származtatott engedély
Milcozebe 80 WP,HU,not_applicable,2021-07-04,2022-01-04,Nébih visszavont/lejárt lista; engedély típusa: származtatott engedély; engedély érvényessége: 2021.07.04.; kereskedelmi türelmi idő: 2021.10.04.; felhasználási türelmi idő: 2022.01.04.,https://portal.nebih.gov.hu/visszavont-es-lejart-ervenyessegu-novenyvedo-szerek,2026-08-25T08:58:00.873403+00:00,2022.01.04.,származtatott engedély
Tridex 750,HU,not_applicable,2021-07-04,2022-01-04,Nébih visszavont/lejárt lista; engedély típusa: származtatott engedély; engedély érvényessége: 2021.07.04.; kereskedelmi türelmi idő: 2021.10.04.; felhasználási türelmi idő: 2022.01.04.,https://portal.nebih.gov.hu/visszavont-es-lejart-ervenyessegu-novenyvedo-szerek,2026-08-25T08:58:00.873412+00:00,2022.01.04.,származtatott engedély
Acrobat MZ WG,HU,not_applicable,2021-07-04,2022-01-04,Nébih visszavont/lejárt lista; engedély típusa: alapengedély; engedély érvényessége: 2021.07.04.; kereskedelmi türelmi idő: 2021.10.04.; felhasználási türelmi idő: 2022.01.04.,https://portal.nebih.gov.hu/visszavont-es-lejart-ervenyessegu-novenyvedo-szerek,2026-08-25T08:58:00.873423+00:00,2022.01.04.,alapengedély
Moximate 725 WG,HU,not_applicable,2021-07-04,2022-01-04,Nébih visszavont/lejárt lista; engedély típusa: alapengedély; engedély érvényessége: 2021.07.04.; kereskedelmi türelmi idő: 2021.10.04.; felhasználási türelmi idő: 2022.01.04.,https://portal.nebih.gov.hu/visszavont-es-lejart-ervenyessegu-novenyvedo-szerek,2026-08-25T08:58:00.873433+00:00,2022.01.04.,alapengedély
Galben M,HU,not_applicable,2021-07-04,2022-01-04,Nébih visszavont/lejárt lista; engedély típusa: alapengedély; engedély érvényessége: 2021.07.04.; kereskedelmi türelmi idő: 2021.10.04.; felhasználási türelmi idő: 2022.01.04.,https://portal.nebih.gov.hu/visszavont-es-lejart-ervenyessegu-novenyvedo-szerek,2026-08-25T08:58:00.873442+00:00,2022.01.04.,alapengedély
Fantic M,HU,not_applicable,2021-04-05,2021-10-05,Nébih visszavont/lejárt lista; engedély típusa: alapengedély; engedély érvényessége: 2021.04.05.; kereskedelmi türelmi idő: 2021.08.05.; felhasználási türelmi idő: 2021.10.05.,https://portal.nebih.gov.hu/visszavont-es-lejart-ervenyessegu-novenyvedo-szerek,2026-08-25T08:58:00.873452+00:00,2021.10.05.,alapengedély
Minister,HU,not_applicable,2021-05-31,2022-11-30,Nébih visszavont/lejárt lista; engedély típusa: származtatott engedély; engedély érvényessége: 2021.05.31.; kereskedelmi türelmi idő: 2021.11.30.; felhasználási türelmi idő: 2022.11.30.,https://portal.nebih.gov.hu/visszavont-es-lejart-ervenyessegu-novenyvedo-szerek,2026-08-25T08:58:00.873463+00:00,2022.11.30.,származtatott engedély
Celest Multi,HU,not_applicable,2021-05-31,2022-11-30,Nébih visszavont/lejárt lista; engedély típusa: alapengedély; engedély érvényessége: 2021.05.31.; kereskedelmi türelmi idő: 2021.11.30.; felhasználási türelmi idő: 2022.11.30.,https://portal.nebih.gov.hu/visszavont-es-lejart-ervenyessegu-novenyvedo-szerek,2026-08-25T08:58:00.873472+00:00,2022.11.30.,alapengedély
Comrade,HU,not_applicable,2021-05-31,2022-11-30,Nébih visszavont/lejárt lista; engedély típusa: alapengedély; engedély érvényessége: 2021.05.31.; kereskedelmi türelmi idő: 2021.11.30.; felhasználási türelmi idő: 2022.11.30.,https://portal.nebih.gov.hu/visszavont-es-lejart-ervenyessegu-novenyvedo-szerek,2026-08-25T08:58:00.873481+00:00,2022.11.30.,alapengedély
Keypro,HU,not_applicable,2021-05-31,2022-11-30,Nébih visszavont/lejárt lista; engedély típusa: alapengedély; engedély érvényessége: 2021.05.31.; kereskedelmi türelmi idő: 2021.11.30.; felhasználási türelmi idő: 2022.11.30.,https://portal.nebih.gov.hu/visszavont-es-lejart-ervenyessegu-novenyvedo-szerek,2026-08-25T08:58:00.873490+00:00,2022.11.30.,alapengedély
Seguris Xtra,HU,not_applicable,2021-05-31,2022-11-30,Nébih visszavont/lejárt lista; engedély típusa: alapengedély; engedély érvényessége: 2021.05.31.; kereskedelmi türelmi idő: 2021.11.30.; felhasználási türelmi idő: 2022.11.30.,https://portal.nebih.gov.hu/visszavont-es-lejart-ervenyessegu-novenyvedo-szerek,2026-08-25T08:58:00.873500+00:00,2022.11.30.,alapengedély
Sfera 535 SC,HU,not_applicable,2021-05-31,2022-11-30,Nébih visszavont/lejárt lista; engedély típusa: alapengedély; engedély érvényessége: 2021.05.31.; kereskedelmi türelmi idő: 2021.11.30.; felhasználási türelmi idő: 2022.11.30.,https://portal.nebih.gov.hu/visszavont-es-lejart-ervenyessegu-novenyvedo-szerek,2026-08-25T08:58:00.873512+00:00,2022.11.30.,alapengedély
Mirador Xtra,HU,not_applicable,2021-05-31,2022-11-30,Nébih visszavont/lejárt lista; engedély típusa: alapengedély; engedély érvényessége: 2021.05.31.; kereskedelmi türelmi idő: 2021.11.30.; felhasználási türelmi idő: 2022.11.30.,https://portal.nebih.gov.hu/visszavont-es-lejart-ervenyessegu-novenyvedo-szerek,2026-08-25T08:58:00.873524+00:00,2022.11.30.,alapengedély
Maxim Star 025 FS,HU,not_applicable,2021-05-31,2022-11-30,Nébih visszavont/lejárt lista; engedély típusa: alapengedély; engedély érvényessége: 2021.05.31.; kereskedelmi türelmi idő: 2021.11.30.; felhasználási türelmi idő: 2022.11.30.,https://portal.nebih.gov.hu/visszavont-es-lejart-ervenyessegu-novenyvedo-szerek,2026-08-25T08:58:00.873533+00:00,2022.11.30.,alapengedély
Trezor 535 SC,HU,not_applicable,2021-05-31,2022-11-30,Nébih visszavont/lejárt lista; engedély típusa: származtatott engedély; engedély érvényessége: 2021.05.31.; kereskedelmi türelmi idő: 2021.11.30.; felhasználási türelmi idő: 2022.11.30.,https://portal.nebih.gov.hu/visszavont-es-lejart-ervenyessegu-novenyvedo-szerek,2026-08-25T08:58:00.873558+00:00,2022.11.30.,származtatott engedély
Misha 20 EW,HU,not_applicable,2021-05-31,2022-11-30,Nébih visszavont/lejárt lista; engedély típusa: alapengedély; engedély érvényessége: 2021.05.31.; kereskedelmi türelmi idő: 2021.11.30.; felhasználási türelmi idő: 2022.11.30.,https://portal.nebih.gov.hu/visszavont-es-lejart-ervenyessegu-novenyvedo-szerek,2026-08-25T08:58:00.873569+00:00,2022.11.30.,alapengedély
Systhane 20 EW,HU,not_applicable,2021-05-31,2022-11-30,Nébih visszavont/lejárt lista; engedély típusa: alapengedély; engedély érvényessége: 2021.05.31.; kereskedelmi türelmi idő: 2021.11.30.; felhasználási türelmi idő: 2022.11.30.,https://portal.nebih.gov.hu/visszavont-es-lejart-ervenyessegu-novenyvedo-szerek,2026-08-25T08:58:00.873581+00:00,2022.11.30.,alapengedély
Shild 20 EW,HU,not_applicable,2021-05-31,2022-11-30,Nébih visszavont/lejárt lista; engedély típusa: származtatott engedély; engedély érvényessége: 2021.05.31.; kereskedelmi türelmi idő: 2021.11.30.; felhasználási türelmi idő: 2022.11.30.,https://portal.nebih.gov.hu/visszavont-es-lejart-ervenyessegu-novenyvedo-szerek,2026-08-25T08:58:00.873591+00:00,2022.11.30.,származtatott engedély
Talentum 20 EW,HU,not_applicable,2021-05-31,2022-11-30,Nébih visszavont/lejárt lista; engedély típusa: származtatott engedély; engedély érvényessége: 2021.05.31.; kereskedelmi türelmi idő: 2021.11.30.; felhasználási türelmi idő: 2022.11.30.,https://portal.nebih.gov.hu/visszavont-es-lejart-ervenyessegu-novenyvedo-szerek,2026-08-25T08:58:00.873600+00:00,2022.11.30.,származtatott engedély
Mirador Xtra (származási ország: Olaszország),HU,not_applicable,2021-05-31,2022-11-30,Nébih visszavont/lejárt lista; engedély típusa: párhuzamos engedély (Ref.: Mirador Xtra); engedély érvényessége: 2021.05.31.; kereskedelmi türelmi idő: 2021.11.30.; felhasználási türelmi idő: 2022.11.30.,https://portal.nebih.gov.hu/visszavont-es-lejart-ervenyessegu-novenyvedo-szerek,2026-08-25T08:58:00.873611+00:00,2022.11.30.,párhuzamos engedély (Ref.: Mirador Xtra)
Ciprodor Xtra (származási ország: Olaszország),HU,not_applicable,2021-05-31,2022-11-30,Nébih visszavont/lejárt lista; engedély típusa: párhuzamos engedély (Ref.: Mirador Xtra); engedély érvényessége: 2021.05.31.; kereskedelmi türelmi idő: 2021.11.30.; felhasználási türelmi idő: 2022.11.30.,https://portal.nebih.gov.hu/visszavont-es-lejart-ervenyessegu-novenyvedo-szerek,2026-08-25T08:58:00.873621+00:00,2022.11.30.,párhuzamos engedély (Ref.: Mirador Xtra)
Alsystin 480 SC,HU,not_applicable,2021-06-30,2022-09-30,Nébih visszavont/lejárt lista; engedély típusa: alapengedély; engedély érvényessége: 2021.06.30.; kereskedelmi türelmi idő: 2021.09.30.; felhasználási türelmi idő: 2022.09.30.,https://portal.nebih.gov.hu/visszavont-es-lejart-ervenyessegu-novenyvedo-szerek,2026-08-25T08:58:00.873630+00:00,2022.09.30.,alapengedély
Acrobat MZ WG (származási ország: Olaszország),HU,not_applicable,2021-07-04,2022-01-04,Nébih visszavont/lejárt lista; engedély típusa: párhuzamos engedély (Ref.: Acrobat MZ WG); engedély érvényessége: 2021.07.04.; kereskedelmi türelmi idő: 2021.10.04.; felhasználási türelmi idő: 2022.01.04.,https://portal.nebih.gov.hu/visszavont-es-lejart-ervenyessegu-novenyvedo-szerek,2026-08-25T08:58:00.873640+00:00,2022.01.04.,párhuzamos engedély (Ref.: Acrobat MZ WG)
Forum MZ WG (származási ország: olaszország),HU,not_applicable,2021-07-04,2022-01-04,Nébih visszavont/lejárt lista; engedély típusa: párhuzamos engedély (Ref.: Acrobat MZ WG); engedély érvényessége: 2021.07.04.; kereskedelmi türelmi idő: 2021.10.04.; felhasználási türelmi idő: 2022.01.04.,https://portal.nebih.gov.hu/visszavont-es-lejart-ervenyessegu-novenyvedo-szerek,2026-08-25T08:58:00.873655+00:00,2022.01.04.,párhuzamos engedély (Ref.: Acrobat MZ WG)
Paine (származási ország: Németország),HU,unknown,2021-07-29,,Nébih visszavont/lejárt lista; engedély típusa: párhuzamos engedély (Ref.: Basagran 480 SL); engedély érvényessége: 2021.07.29.; kereskedelmi türelmi idő: 2022.01.29.; felhasználási türelmi idő: eltarthatósági idő végéig,https://portal.nebih.gov.hu/visszavont-es-lejart-ervenyessegu-novenyvedo-szerek,2026-08-25T08:58:00.873667+00:00,eltarthatósági idő végéig,párhuzamos engedély (Ref.: Basagran 480 SL)
Confident 20 SL,HU,not_applicable,2021-09-10,2022-06-01,Nébih visszavont/lejárt lista; engedély típusa: származtatott engedély; engedély érvényessége: 2021.09.10.; kereskedelmi türelmi idő: 2021.09.30.; felhasználási türelmi idő: 2022.06.01.,https://portal.nebih.gov.hu/visszavont-es-lejart-ervenyessegu-novenyvedo-szerek,2026-08-25T08:58:00.873677+00:00,2022.06.01.,származtatott engedély
Midash 20 SL,HU,not_applicable,2021-09-10,2022-06-01,Nébih visszavont/lejárt lista; engedély típusa: származtatott engedély; engedély érvényessége: 2021.09.10.; kereskedelmi türelmi idő: 2021.09.30.; felhasználási türelmi idő: 2022.06.01.,https://portal.nebih.gov.hu/visszavont-es-lejart-ervenyessegu-novenyvedo-szerek,2026-08-25T08:58:00.873686+00:00,2022.06.01.,származtatott engedély
Might 20 SL,HU,not_applicable,2021-09-10,2022-06-01,Nébih visszavont/lejárt lista; engedély típusa: származtatott engedély; engedély érvényessége: 2021.09.10.; kereskedelmi türelmi idő: 2021.09.30.; felhasználási türelmi idő: 2022.06.01.,https://portal.nebih.gov.hu/visszavont-es-lejart-ervenyessegu-novenyvedo-szerek,2026-08-25T08:58:00.873698+00:00,2022.06.01.,származtatott engedély
Insegar 25 WG,HU,not_applicable,2021-09-30,2022-11-30,Nébih visszavont/lejárt lista; engedély típusa: alapengedély; engedély érvényessége: 2021.09.30.; kereskedelmi türelmi idő: 2021.11.30.; felhasználási türelmi idő: 2022.11.30.,https://portal.nebih.gov.hu/visszavont-es-lejart-ervenyessegu-novenyvedo-szerek,2026-08-25T08:58:00.873707+00:00,2022.11.30.,alapengedély
Atonik (származási ország: Románia),HU,not_applicable,2021-12-06,2022-12-06,Nébih visszavont/lejárt lista; engedély típusa: párhuzamos engedély (Ref.: Atonik); engedély érvényessége: 2021.12.06.; kereskedelmi türelmi idő: 2022.06.06.; felhasználási türelmi idő: 2022.12.06.,https://portal.nebih.gov.hu/visszavont-es-lejart-ervenyessegu-novenyvedo-szerek,2026-08-25T08:58:00.873717+00:00,2022.12.06.,párhuzamos engedély (Ref.: Atonik)
Ampera (ref.: Zamir),HU,not_applicable,2021-12-31,2023-06-30,Nébih visszavont/lejárt lista; engedély típusa: származtatott engedély; engedély érvényessége: 2021.12.31.; kereskedelmi türelmi idő: 2022.06.30.; felhasználási türelmi idő: 2023.06.30.,https://portal.nebih.gov.hu/visszavont-es-lejart-ervenyessegu-novenyvedo-szerek,2026-08-25T08:58:00.873727+00:00,2023.06.30.,származtatott engedély
Capitol (ref.: Zamir),HU,not_applicable,2021-12-31,2023-06-30,Nébih visszavont/lejárt lista; engedély típusa: származtatott engedély; engedély érvényessége: 2021.12.31.; kereskedelmi türelmi idő: 2022.06.30.; felhasználási türelmi idő: 2023.06.30.,https://portal.nebih.gov.hu/visszavont-es-lejart-ervenyessegu-novenyvedo-szerek,2026-08-25T08:58:00.873740+00:00,2023.06.30.,származtatott engedély
Eyetak,HU,not_applicable,2021-12-31,2023-06-30,Nébih visszavont/lejárt lista; engedély típusa: alapengedély; engedély érvényessége: 2021.12.31.; kereskedelmi türelmi idő: 2022.06.30.; felhasználási türelmi idő: 2023.06.30.,https://portal.nebih.gov.hu/visszavont-es-lejart-ervenyessegu-novenyvedo-szerek,2026-08-25T08:58:00.873749+00:00,2023.06.30.,alapengedély
Faxer,HU,not_applicable,2021-12-31,2023-06-30,Nébih visszavont/lejárt lista; engedély típusa: alapengedély; engedély érvényessége: 2021.12.31.; kereskedelmi türelmi idő: 2022.06.30.; felhasználási türelmi idő: 2023.06.30.,https://portal.nebih.gov.hu/visszavont-es-lejart-ervenyessegu-novenyvedo-szerek,2026-08-25T08:58:00.873761+00:00,2023.06.30.,alapengedély
Kantik,HU,not_applicable,2021-12-31,2023-06-30,Nébih visszavont/lejárt lista; engedély típusa: alapengedély; engedély érvényessége: 2021.12.31.; kereskedelmi türelmi idő: 2022.06.30.; felhasználási türelmi idő: 2023.06.30.,https://portal.nebih.gov.hu/visszavont-es-lejart-ervenyessegu-novenyvedo-szerek,2026-08-25T08:58:00.873770+00:00,2023.06.30.,alapengedély
Mirage 45 EC,HU,not_applicable,2021-12-31,2023-06-30,Nébih visszavont/lejárt lista; engedély típusa: alapengedély; engedély érvényessége: 2021.12.31.; kereskedelmi türelmi idő: 2022.06.30.; felhasználási türelmi idő: 2023.06.30.,https://portal.nebih.gov.hu/visszavont-es-lejart-ervenyessegu-novenyvedo-szerek,2026-08-25T08:58:00.873779+00:00,2023.06.30.,alapengedély
Proton (ref.: Eyetak),HU,not_applicable,2021-12-31,2023-06-30,Nébih visszavont/lejárt lista; engedély típusa: származtatott engedély; engedély érvényessége: 2021.12.31.; kereskedelmi türelmi idő: 2022.06.30.; felhasználási türelmi idő: 2023.06.30.,https://portal.nebih.gov.hu/visszavont-es-lejart-ervenyessegu-novenyvedo-szerek,2026-08-25T08:58:00.873788+00:00,2023.06.30.,származtatott engedély
Sporgon 50 WP,HU,not_applicable,2021-12-31,2023-06-30,Nébih visszavont/lejárt lista; engedély típusa: alapengedély; engedély érvényessége: 2021.12.31.; kereskedelmi türelmi idő: 2022.06.30.; felhasználási türelmi idő: 2023.06.30.,https://portal.nebih.gov.hu/visszavont-es-lejart-ervenyessegu-novenyvedo-szerek,2026-08-25T08:58:00.873801+00:00,2023.06.30.,alapengedély
Ultimo (ref.: Mystic Pro),HU,not_applicable,2021-12-31,2023-06-30,Nébih visszavont/lejárt lista; engedély típusa: származtatott engedély; engedély érvényessége: 2021.12.31.; kereskedelmi türelmi idő: 2022.06.30.; felhasználási türelmi idő: 2023.06.30.,https://portal.nebih.gov.hu/visszavont-es-lejart-ervenyessegu-novenyvedo-szerek,2026-08-25T08:58:00.873811+00:00,2023.06.30.,származtatott engedély
Mystic Pro 500,HU,not_applicable,2021-12-31,2023-06-30,Nébih visszavont/lejárt lista; engedély típusa: alapengedély; engedély érvényessége: 2021.12.31.; kereskedelmi türelmi idő: 2022.06.30.; felhasználási türelmi idő: 2023.06.30.,https://portal.nebih.gov.hu/visszavont-es-lejart-ervenyessegu-novenyvedo-szerek,2026-08-25T08:58:00.873820+00:00,2023.06.30.,alapengedély
Wirtuoz 52 EC,HU,not_applicable,2021-12-31,2023-06-30,Nébih visszavont/lejárt lista; engedély típusa: alapengedély; engedély érvényessége: 2021.12.31.; kereskedelmi türelmi idő: 2022.06.30.; felhasználási türelmi idő: 2023.06.30.,https://portal.nebih.gov.hu/visszavont-es-lejart-ervenyessegu-novenyvedo-szerek,2026-08-25T08:58:00.873829+00:00,2023.06.30.,alapengedély
Zamir,HU,not_applicable,2021-12-31,2023-06-30,Nébih visszavont/lejárt lista; engedély típusa: alapengedély; engedély érvényessége: 2021.12.31.; kereskedelmi türelmi idő: 2022.06.30.; felhasználási türelmi idő: 2023.06.30.,https://portal.nebih.gov.hu/visszavont-es-lejart-ervenyessegu-novenyvedo-szerek,2026-08-25T08:58:00.873838+00:00,2023.06.30.,alapengedély
Kinto Duo,HU,not_applicable,2021-12-31,2023-06-30,Nébih visszavont/lejárt lista; engedély típusa: alapengedély; engedély érvényessége: 2021.12.31.; kereskedelmi türelmi idő: 2022.06.30.; felhasználási türelmi idő: 2023.06.30.,https://portal.nebih.gov.hu/visszavont-es-lejart-ervenyessegu-novenyvedo-szerek,2026-08-25T08:58:00.873847+00:00,2023.06.30.,alapengedély
Biosold duo (ref.: Kinto duo),HU,not_applicable,2021-12-31,2023-06-30,Nébih visszavont/lejárt lista; engedély típusa: származtatott engedély; engedély érvényessége: 2021.12.31.; kereskedelmi türelmi idő: 2022.06.30.; felhasználási türelmi idő: 2023.06.30.,https://portal.nebih.gov.hu/visszavont-es-lejart-ervenyessegu-novenyvedo-szerek,2026-08-25T08:58:00.873859+00:00,2023.06.30.,származtatott engedély
Yunta Quattro (származási ország: Románia),HU,not_applicable,2021-09-10,2021-10-10,Nébih visszavont/lejárt lista; engedély típusa: párhuzamos engedély (Ref.: Yunta Quattro); engedély érvényessége: 2021.09.10.; kereskedelmi türelmi idő: 2021.10.10.; felhasználási türelmi idő: 2021.10.10.,https://portal.nebih.gov.hu/visszavont-es-lejart-ervenyessegu-novenyvedo-szerek,2026-08-25T08:58:00.873871+00:00,2021.10.10.,párhuzamos engedély (Ref.: Yunta Quattro)
Basis 75 DF,HU,unknown,2021-11-30,,Nébih visszavont/lejárt lista; engedély típusa: alapengedély; engedély érvényessége: 2021.11.30.; kereskedelmi türelmi idő: 2022.06.30.; felhasználási türelmi idő: eltarthatósági idő végéig,https://portal.nebih.gov.hu/visszavont-es-lejart-ervenyessegu-novenyvedo-szerek,2026-08-25T08:58:00.873881+00:00,eltarthatósági idő végéig,alapengedély
Glialka Bázis,HU,unknown,2021-11-26,,Nébih visszavont/lejárt lista; engedély típusa: származtatott engedély; engedély érvényessége: 2021.11.26.; kereskedelmi türelmi idő: -; felhasználási türelmi idő: -,https://portal.nebih.gov.hu/visszavont-es-lejart-ervenyessegu-novenyvedo-szerek,2026-08-25T08:58:00.873890+00:00,-,származtatott engedély
Gulliver 50 PX,HU,not_applicable,2021-12-31,2023-06-30,Nébih visszavont/lejárt lista; engedély típusa: alapengedély; engedély érvényessége: 2021.12.31.; kereskedelmi türelmi idő: 2022.06.30.; felhasználási türelmi idő: 2023.06.30.,https://portal.nebih.gov.hu/visszavont-es-lejart-ervenyessegu-novenyvedo-szerek,2026-08-25T08:58:00.873902+00:00,2023.06.30.,alapengedély
Avaunt 150 EC,HU,not_applicable,2022-03-19,2022-09-19,Nébih visszavont/lejárt lista; engedély típusa: alapengedély; engedély érvényessége: 2022.03.19.; kereskedelmi türelmi idő: 2022.07.01.; felhasználási türelmi idő: 2022.09.19.,https://portal.nebih.gov.hu/visszavont-es-lejart-ervenyessegu-novenyvedo-szerek,2026-08-25T08:58:00.873911+00:00,2022.09.19.,alapengedély
Steward 30 DF,HU,not_applicable,2022-03-19,2022-09-19,Nébih visszavont/lejárt lista; engedély típusa: alapengedély; engedély érvényessége: 2022.03.19.; kereskedelmi türelmi idő: 2022.07.01.; felhasználási türelmi idő: 2022.09.19.,https://portal.nebih.gov.hu/visszavont-es-lejart-ervenyessegu-novenyvedo-szerek,2026-08-25T08:58:00.873922+00:00,2022.09.19.,alapengedély
Doxa 30 WG,HU,not_applicable,2022-03-19,2022-09-19,Nébih visszavont/lejárt lista; engedély típusa: alapengedély; engedély érvényessége: 2022.03.19.; kereskedelmi türelmi idő: 2022.07.01.; felhasználási türelmi idő: 2022.09.19.,https://portal.nebih.gov.hu/visszavont-es-lejart-ervenyessegu-novenyvedo-szerek,2026-08-25T08:58:00.873934+00:00,2022.09.19.,alapengedély
Lontrel 300,HU,not_applicable,2022-02-01,2023-08-01,Nébih visszavont/lejárt lista; engedély típusa: alapengedély; engedély érvényessége: 2022.02.01.; kereskedelmi türelmi idő: 2022.08.01.; felhasználási türelmi idő: 2023.08.01.,https://portal.nebih.gov.hu/visszavont-es-lejart-ervenyessegu-novenyvedo-szerek,2026-08-25T08:58:00.873943+00:00,2023.08.01.,alapengedély
Cliophar 300 SL,HU,not_applicable,2022-02-01,2023-08-01,Nébih visszavont/lejárt lista; engedély típusa: alapengedély; engedély érvényessége: 2022.02.01.; kereskedelmi türelmi idő: 2022.08.01.; felhasználási türelmi idő: 2023.08.01.,https://portal.nebih.gov.hu/visszavont-es-lejart-ervenyessegu-novenyvedo-szerek,2026-08-25T08:58:00.873954+00:00,2023.08.01.,alapengedély
Barca 334 SL,HU,not_applicable,2022-02-01,2023-08-01,Nébih visszavont/lejárt lista; engedély típusa: alapengedély; engedély érvényessége: 2022.02.01.; kereskedelmi türelmi idő: 2022.08.01.; felhasználási türelmi idő: 2023.08.01.,https://portal.nebih.gov.hu/visszavont-es-lejart-ervenyessegu-novenyvedo-szerek,2026-08-25T08:58:00.873964+00:00,2023.08.01.,alapengedély
Corum,HU,not_applicable,2022-02-01,2023-08-01,Nébih visszavont/lejárt lista; engedély típusa: alapengedély; engedély érvényessége: 2022.02.01.; kereskedelmi türelmi idő: 2022.08.01.; felhasználási türelmi idő: 2023.08.01.,https://portal.nebih.gov.hu/visszavont-es-lejart-ervenyessegu-novenyvedo-szerek,2026-08-25T08:58:00.873973+00:00,2023.08.01.,alapengedély
Wirtouz 52 EC (származási ország: Románia),HU,not_applicable,2021-12-31,2023-06-30,Nébih visszavont/lejárt lista; engedély típusa: párhuzamos engedély (Ref.: Wirtuoz 52 EC); engedély érvényessége: 2021.12.31.; kereskedelmi türelmi idő: 2022.06.30.; felhasználási türelmi idő: 2023.06.30.,https://portal.nebih.gov.hu/visszavont-es-lejart-ervenyessegu-novenyvedo-szerek,2026-08-25T08:58:00.873983+00:00,2023.06.30.,párhuzamos engedély (Ref.: Wirtuoz 52 EC)
Wirtuoz 52 EC (származási ország: Lengyelország),HU,not_applicable,2021-12-31,2023-06-30,Nébih visszavont/lejárt lista; engedély típusa: párhuzamos engedély (Ref.: Wirtuoz 52 EC); engedély érvényessége: 2021.12.31.; kereskedelmi türelmi idő: 2022.06.30.; felhasználási türelmi idő: 2023.06.30.,https://portal.nebih.gov.hu/visszavont-es-lejart-ervenyessegu-novenyvedo-szerek,2026-08-25T08:58:00.873993+00:00,2023.06.30.,párhuzamos engedély (Ref.: Wirtuoz 52 EC)
Zamir,HU,not_applicable,2021-12-31,2023-06-30,Nébih visszavont/lejárt lista; engedély típusa: párhuzamos engedély (Ref.: Zamir); engedély érvényessége: 2021.12.31.; kereskedelmi türelmi idő: 2022.06.30.; felhasználási türelmi idő: 2023.06.30.,https://portal.nebih.gov.hu/visszavont-es-lejart-ervenyessegu-novenyvedo-szerek,2026-08-25T08:58:00.874002+00:00,2023.06.30.,párhuzamos engedély (Ref.: Zamir)
Lontrel 300,HU,not_applicable,2022-02-01,2023-08-01,Nébih visszavont/lejárt lista; engedély típusa: párhuzamos engedély (Ref.: Lontrel 300); engedély érvényessége: 2022.02.01.; kereskedelmi türelmi idő: 2022.08.01.; felhasználási türelmi idő: 2023.08.01.,https://portal.nebih.gov.hu/visszavont-es-lejart-ervenyessegu-novenyvedo-szerek,2026-08-25T08:58:00.874014+00:00,2023.08.01.,párhuzamos engedély (Ref.: Lontrel 300)
Agria Klopiralid,HU,not_applicable,2022-02-01,2023-08-01,Nébih visszavont/lejárt lista; engedély típusa: párhuzamos engedély (Ref.: Lontrel 300); engedély érvényessége: 2022.02.01.; kereskedelmi türelmi idő: 2022.08.01.; felhasználási türelmi idő: 2023.08.01.,https://portal.nebih.gov.hu/visszavont-es-lejart-ervenyessegu-novenyvedo-szerek,2026-08-25T08:58:00.874025+00:00,2023.08.01.,párhuzamos engedély (Ref.: Lontrel 300)
Corum,HU,not_applicable,2022-02-01,2023-08-01,Nébih visszavont/lejárt lista; engedély típusa: párhuzamos engedély (Ref.: Corum); engedély érvényessége: 2022.02.01.; kereskedelmi türelmi idő: 2022.08.01.; felhasználási türelmi idő: 2023.08.01.,https://portal.nebih.gov.hu/visszavont-es-lejart-ervenyessegu-novenyvedo-szerek,2026-08-25T08:58:00.874035+00:00,2023.08.01.,párhuzamos engedély (Ref.: Corum)
Grid 75 DF,HU,unknown,2022-01-21,,Nébih visszavont/lejárt lista; engedély típusa: származtatott engedély; engedély érvényessége: 2022.01.21.; kereskedelmi türelmi idő: -; felhasználási türelmi idő: -,https://portal.nebih.gov.hu/visszavont-es-lejart-ervenyessegu-novenyvedo-szerek,2026-08-25T08:58:00.874044+00:00,-,származtatott engedély
Tanos 50 DF,HU,not_applicable,2022-03-16,2022-09-16,Nébih visszavont/lejárt lista; engedély típusa: alapengedély; engedély érvényessége: 2022.03.16.; kereskedelmi türelmi idő: 2022.06.16.; felhasználási türelmi idő: 2022.09.16.,https://portal.nebih.gov.hu/visszavont-es-lejart-ervenyessegu-novenyvedo-szerek,2026-08-25T08:58:00.874053+00:00,2022.09.16.,alapengedély
Glialka 60,HU,unknown,2022-04-01,,Nébih visszavont/lejárt lista; engedély típusa: alapengedély; engedély érvényessége: 2022.04.01.; kereskedelmi türelmi idő: 2022.07.01.; felhasználási türelmi idő: eltarthatósági idő végéig,https://portal.nebih.gov.hu/visszavont-es-lejart-ervenyessegu-novenyvedo-szerek,2026-08-25T08:58:00.874063+00:00,eltarthatósági idő végéig,alapengedély
Glialka Flex,HU,unknown,2022-04-01,,Nébih visszavont/lejárt lista; engedély típusa: glialka; engedély érvényessége: 2022.04.01.; kereskedelmi türelmi idő: 2022.07.01.; felhasználási türelmi idő: eltarthatósági idő végéig,https://portal.nebih.gov.hu/visszavont-es-lejart-ervenyessegu-novenyvedo-szerek,2026-08-25T08:58:00.874073+00:00,eltarthatósági idő végéig,glialka
Glialka Optima,HU,unknown,2022-04-01,,Nébih visszavont/lejárt lista; engedély típusa: származtatott engedély; engedély érvényessége: 2022.04.01.; kereskedelmi türelmi idő: 2022.07.01.; felhasználási türelmi idő: eltarthatósági idő végéig,https://portal.nebih.gov.hu/visszavont-es-lejart-ervenyessegu-novenyvedo-szerek,2026-08-25T08:58:00.874084+00:00,eltarthatósági idő végéig,származtatott engedély
Imidan 50 WP,HU,not_applicable,2022-05-01,2022-11-01,Nébih visszavont/lejárt lista; engedély típusa: alapengedély; engedély érvényessége: 2022.05.01.; kereskedelmi türelmi idő: 2022.11.01.; felhasználási türelmi idő: 2022.11.01.,https://portal.nebih.gov.hu/visszavont-es-lejart-ervenyessegu-novenyvedo-szerek,2026-08-25T08:58:00.874096+00:00,2022.11.01.,alapengedély
Pictor,HU,unknown,2022-01-31,,Nébih visszavont/lejárt lista; engedély típusa: párhuzamos engedély (Ref.: Pictor); engedély érvényessége: 2022.01.31.; kereskedelmi türelmi idő: 2022.07.31.; felhasználási türelmi idő: eltarthatósági idő végéig,https://portal.nebih.gov.hu/visszavont-es-lejart-ervenyessegu-novenyvedo-szerek,2026-08-25T08:58:00.874106+00:00,eltarthatósági idő végéig,párhuzamos engedély (Ref.: Pictor)
Vivando,HU,unknown,2022-01-31,,Nébih visszavont/lejárt lista; engedély típusa: párhuzamos engedély (Ref.: Vivando); engedély érvényessége: 2022.01.31.; kereskedelmi türelmi idő: 2022.07.31.; felhasználási türelmi idő: eltarthatósági idő végéig,https://portal.nebih.gov.hu/visszavont-es-lejart-ervenyessegu-novenyvedo-szerek,2026-08-25T08:58:00.874116+00:00,eltarthatósági idő végéig,párhuzamos engedély (Ref.: Vivando)
Nemathorin 10 G,HU,unknown,2022-02-28,,Nébih visszavont/lejárt lista; engedély típusa: párhuzamos engedély (Ref.: Nemathorin 10 G); engedély érvényessége: 2022.02.28.; kereskedelmi türelmi idő: 2022.08.31.; felhasználási türelmi idő: eltarthatósági idő végéig,https://portal.nebih.gov.hu/visszavont-es-lejart-ervenyessegu-novenyvedo-szerek,2026-08-25T08:58:00.874126+00:00,eltarthatósági idő végéig,párhuzamos engedély (Ref.: Nemathorin 10 G)
Gardoprim Plus Gold,HU,unknown,2022-03-31,,Nébih visszavont/lejárt lista; engedély típusa: párhuzamos engedély (Ref.: Gardoprim Plus Gold); engedély érvényessége: 2022.03.31.; kereskedelmi türelmi idő: 2022.09.30.; felhasználási türelmi idő: eltarthatósági idő végéig,https://portal.nebih.gov.hu/visszavont-es-lejart-ervenyessegu-novenyvedo-szerek,2026-08-25T08:58:00.874139+00:00,eltarthatósági idő végéig,párhuzamos engedély (Ref.: Gardoprim Plus Gold)
Explicit Plus,HU,not_applicable,2022-03-19,2022-09-19,Nébih visszavont/lejárt lista; engedély típusa: párhuzamos engedély (Ref.: Steward); engedély érvényessége: 2022.03.19.; kereskedelmi türelmi idő: 2022.07.01.; felhasználási türelmi idő: 2022.09.19.,https://portal.nebih.gov.hu/visszavont-es-lejart-ervenyessegu-novenyvedo-szerek,2026-08-25T08:58:00.874149+00:00,2022.09.19.,párhuzamos engedély (Ref.: Steward)
Steward,HU,not_applicable,2022-03-19,2022-09-19,Nébih visszavont/lejárt lista; engedély típusa: párhuzamos engedély (Ref.: Steward); engedély érvényessége: 2022.03.19.; kereskedelmi türelmi idő: 2022.07.01.; felhasználási türelmi idő: 2022.09.19.,https://portal.nebih.gov.hu/visszavont-es-lejart-ervenyessegu-novenyvedo-szerek,2026-08-25T08:58:00.874158+00:00,2022.09.19.,párhuzamos engedély (Ref.: Steward)
Avaunt 150 EC (származási ország: Bulgária),HU,not_applicable,2022-03-19,2022-09-19,Nébih visszavont/lejárt lista; engedély típusa: párhuzamos engedély (Ref.: Avaunt 150 EC); engedély érvényessége: 2022.03.19.; kereskedelmi türelmi idő: 2022.07.01.; felhasználási türelmi idő: 2022.09.19.,https://portal.nebih.gov.hu/visszavont-es-lejart-ervenyessegu-novenyvedo-szerek,2026-08-25T08:58:00.874170+00:00,2022.09.19.,párhuzamos engedély (Ref.: Avaunt 150 EC)
Avaunt 150 EC (származási ország: Lengyelország),HU,not_applicable,2022-03-19,2022-09-19,Nébih visszavont/lejárt lista; engedély típusa: párhuzamos engedély (Ref.: Avaunt 150 EC); engedély érvényessége: 2022.03.19.; kereskedelmi türelmi idő: 2022.07.01.; felhasználási türelmi idő: 2022.09.19.,https://portal.nebih.gov.hu/visszavont-es-lejart-ervenyessegu-novenyvedo-szerek,2026-08-25T08:58:00.874180+00:00,2022.09.19.,párhuzamos engedély (Ref.: Avaunt 150 EC)
Tanos,HU,not_applicable,2022-03-16,2022-09-16,Nébih visszavont/lejárt lista; engedély típusa: párhuzamos engedély (Ref.: Tanos 50 DF; engedély érvényessége: 2022.03.16.; kereskedelmi türelmi idő: 2022.06.16.; felhasználási türelmi idő: 2022.09.16.,https://portal.nebih.gov.hu/visszavont-es-lejart-ervenyessegu-novenyvedo-szerek,2026-08-25T08:58:00.874190+00:00,2022.09.16.,párhuzamos engedély (Ref.: Tanos 50 DF
"Amistar (Agria, származási ország: Franciaország)",HU,unknown,2022-04-20,,Nébih visszavont/lejárt lista; engedély típusa: párhuzamos engedély (Ref.: Amistar); engedély érvényessége: 2022.04.20.; kereskedelmi türelmi idő: 2022.09.30.; felhasználási türelmi idő: eltarthatósági idő végéig,https://portal.nebih.gov.hu/visszavont-es-lejart-ervenyessegu-novenyvedo-szerek,2026-08-25T08:58:00.874200+00:00,eltarthatósági idő végéig,párhuzamos engedély (Ref.: Amistar)
"Amistar (Globagro, származási ország: Olaszország)",HU,unknown,2022-04-20,,Nébih visszavont/lejárt lista; engedély típusa: párhuzamos engedély (Ref.: Amistar); engedély érvényessége: 2022.04.20.; kereskedelmi türelmi idő: 2022.09.30.; felhasználási türelmi idő: eltarthatósági idő végéig,https://portal.nebih.gov.hu/visszavont-es-lejart-ervenyessegu-novenyvedo-szerek,2026-08-25T08:58:00.874211+00:00,eltarthatósági idő végéig,párhuzamos engedély (Ref.: Amistar)
"Amistar (Globagro, származási ország: Franciaország)",HU,unknown,2022-04-20,,Nébih visszavont/lejárt lista; engedély típusa: párhuzamos engedély (Ref.: Amistar); engedély érvényessége: 2022.04.20.; kereskedelmi türelmi idő: 2022.09.30.; felhasználási türelmi idő: eltarthatósági idő végéig,https://portal.nebih.gov.hu/visszavont-es-lejart-ervenyessegu-novenyvedo-szerek,2026-08-25T08:58:00.874222+00:00,eltarthatósági idő végéig,párhuzamos engedély (Ref.: Amistar)
"Amistar (Agria, származási ország: Olaszország)",HU,unknown,2022-04-20,,Nébih visszavont/lejárt lista; engedély típusa: párhuzamos engedély (Ref.: Amistar); engedély érvényessége: 2022.04.20.; kereskedelmi türelmi idő: 2022.09.30.; felhasználási türelmi idő: eltarthatósági idő végéig,https://portal.nebih.gov.hu/visszavont-es-lejart-ervenyessegu-novenyvedo-szerek,2026-08-25T08:58:00.874232+00:00,eltarthatósági idő végéig,párhuzamos engedély (Ref.: Amistar)
Mirador SC,HU,unknown,2022-04-20,,Nébih visszavont/lejárt lista; engedély típusa: párhuzamos engedély (Ref.: Amistar); engedély érvényessége: 2022.04.20.; kereskedelmi türelmi idő: 2022.09.30.; felhasználási türelmi idő: eltarthatósági idő végéig,https://portal.nebih.gov.hu/visszavont-es-lejart-ervenyessegu-novenyvedo-szerek,2026-08-25T08:58:00.874242+00:00,eltarthatósági idő végéig,párhuzamos engedély (Ref.: Amistar)
Arigo 51 WG,HU,unknown,2022-06-09,,Nébih visszavont/lejárt lista; engedély típusa: alapengedély; engedély érvényessége: 2022.06.09.; kereskedelmi türelmi idő: -; felhasználási türelmi idő: -,https://portal.nebih.gov.hu/visszavont-es-lejart-ervenyessegu-novenyvedo-szerek,2026-08-25T08:58:00.874251+00:00,-,alapengedély
Ampligo,HU,unknown,2022-05-31,,Nébih visszavont/lejárt lista; engedély típusa: alapengedély; engedély érvényessége: 2022.05.31.; kereskedelmi türelmi idő: -; felhasználási türelmi idő: -,https://portal.nebih.gov.hu/visszavont-es-lejart-ervenyessegu-novenyvedo-szerek,2026-08-25T08:58:00.874259+00:00,-,alapengedély
Chikara Duo,HU,unknown,2022-06-10,,Nébih visszavont/lejárt lista; engedély típusa: alapengedély; engedély érvényessége: 2022.06.10.; kereskedelmi türelmi idő: -; felhasználási türelmi idő: -,https://portal.nebih.gov.hu/visszavont-es-lejart-ervenyessegu-novenyvedo-szerek,2026-08-25T08:58:00.874267+00:00,-,alapengedély
Ad Contact,HU,unknown,2022-07-31,,Nébih visszavont/lejárt lista; engedély típusa: alapengedély; engedély érvényessége: 2022.07.31.; kereskedelmi türelmi idő: 2023.01.31.; felhasználási türelmi idő: eltarthatósági idő végéig,https://portal.nebih.gov.hu/visszavont-es-lejart-ervenyessegu-novenyvedo-szerek,2026-08-25T08:58:00.874277+00:00,eltarthatósági idő végéig,alapengedély
Killer 10 EC,HU,not_applicable,2021-12-31,2022-12-07,Nébih visszavont/lejárt lista; engedély típusa: alapengedély; engedély érvényessége: 2021.12.31.; kereskedelmi türelmi idő: 2022.06.07.; felhasználási türelmi idő: 2022.12.07.,https://portal.nebih.gov.hu/visszavont-es-lejart-ervenyessegu-novenyvedo-szerek,2026-08-25T08:58:00.874286+00:00,2022.12.07.,alapengedély
Curzate F,HU,not_applicable,2022-09-08,2022-12-08,Nébih visszavont/lejárt lista; engedély típusa: alapengedély; engedély érvényessége: 2022.09.08.; kereskedelmi türelmi idő: 2022.11.04.; felhasználási türelmi idő: 2022.12.08.,https://portal.nebih.gov.hu/visszavont-es-lejart-ervenyessegu-novenyvedo-szerek,2026-08-25T08:58:00.874295+00:00,2022.12.08.,alapengedély
Symetra SC,HU,not_applicable,2022-09-08,2022-12-08,Nébih visszavont/lejárt lista; engedély típusa: alapengedély; engedély érvényessége: 2022.09.08.; kereskedelmi türelmi idő: 2022.11.04.; felhasználási türelmi idő: 2022.12.08.,https://portal.nebih.gov.hu/visszavont-es-lejart-ervenyessegu-novenyvedo-szerek,2026-08-25T08:58:00.874307+00:00,2022.12.08.,alapengedély
Seguris Era 275,HU,not_applicable,2022-09-08,2022-12-08,Nébih visszavont/lejárt lista; engedély típusa: alapengedély; engedély érvényessége: 2022.09.08.; kereskedelmi türelmi idő: 2022.11.04.; felhasználási türelmi idő: 2022.12.08.,https://portal.nebih.gov.hu/visszavont-es-lejart-ervenyessegu-novenyvedo-szerek,2026-08-25T08:58:00.874318+00:00,2022.12.08.,alapengedély
Reflect EC,HU,not_applicable,2022-09-08,2022-12-08,Nébih visszavont/lejárt lista; engedély típusa: alapengedély; engedély érvényessége: 2022.09.08.; kereskedelmi türelmi idő: 2022.11.04.; felhasználási türelmi idő: 2022.12.08.,https://portal.nebih.gov.hu/visszavont-es-lejart-ervenyessegu-novenyvedo-szerek,2026-08-25T08:58:00.874329+00:00,2022.12.08.,alapengedély
Titus Plus DF,HU,unknown,2022-11-02,,Nébih visszavont/lejárt lista; engedély típusa: alapengedély; engedély érvényessége: 2022.11.02.; kereskedelmi türelmi idő: -; felhasználási türelmi idő: -,https://portal.nebih.gov.hu/visszavont-es-lejart-ervenyessegu-novenyvedo-szerek,2026-08-25T08:58:00.874338+00:00,-,alapengedély
Transform 500 WG,HU,not_applicable,2022-11-19,2023-05-19,Nébih visszavont/lejárt lista; engedély típusa: alapengedély; engedély érvényessége: 2022.11.19.; kereskedelmi türelmi idő: 2023.05.19.; felhasználási türelmi idő: 2023.05.19.,https://portal.nebih.gov.hu/visszavont-es-lejart-ervenyessegu-novenyvedo-szerek,2026-08-25T08:58:00.874349+00:00,2023.05.19.,alapengedély
Elumis Peak,HU,not_applicable,2023-01-27,2024-01-27,Nébih visszavont/lejárt lista; engedély típusa: alapengedély; engedély érvényessége: 2023.01.27.; kereskedelmi türelmi idő: 2023.01.27.; felhasználási türelmi idő: 2024.01.27.,https://portal.nebih.gov.hu/visszavont-es-lejart-ervenyessegu-novenyvedo-szerek,2026-08-25T08:58:00.874358+00:00,2024.01.27.,alapengedély
Samson Extra 6 OD,HU,not_applicable,2023-03-24,2024-03-24,Nébih visszavont/lejárt lista; engedély típusa: alapengedély; engedély érvényessége: 2023.03.24.; kereskedelmi türelmi idő: 2023.06.24.; felhasználási türelmi idő: 2024.03.24.,https://portal.nebih.gov.hu/visszavont-es-lejart-ervenyessegu-novenyvedo-szerek,2026-08-25T08:58:00.874367+00:00,2024.03.24.,alapengedély
Fornet Extra 6 OD,HU,not_applicable,2023-03-24,2024-03-24,Nébih visszavont/lejárt lista; engedély típusa: származtatott engedély; engedély érvényessége: 2023.03.24.; kereskedelmi türelmi idő: 2023.06.24.; felhasználási türelmi idő: 2024.03.24.,https://portal.nebih.gov.hu/visszavont-es-lejart-ervenyessegu-novenyvedo-szerek,2026-08-25T08:58:00.874377+00:00,2024.03.24.,származtatott engedély
Milagro Etra 6 OD,HU,not_applicable,2023-03-24,2024-03-24,Nébih visszavont/lejárt lista; engedély típusa: származtatott engedély; engedély érvényessége: 2023.03.24.; kereskedelmi türelmi idő: 2023.06.24.; felhasználási türelmi idő: 2024.03.24.,https://portal.nebih.gov.hu/visszavont-es-lejart-ervenyessegu-novenyvedo-szerek,2026-08-25T08:58:00.874386+00:00,2024.03.24.,származtatott engedély
Motivell Extra 6 OD,HU,not_applicable,2023-03-24,2024-03-24,Nébih visszavont/lejárt lista; engedély típusa: származtatott engedély; engedély érvényessége: 2023.03.24.; kereskedelmi türelmi idő: 2023.06.24.; felhasználási türelmi idő: 2024.03.24.,https://portal.nebih.gov.hu/visszavont-es-lejart-ervenyessegu-novenyvedo-szerek,2026-08-25T08:58:00.874395+00:00,2024.03.24.,származtatott engedély
Nisshin Extra 6 OD,HU,not_applicable,2023-03-24,2024-03-24,Nébih visszavont/lejárt lista; engedély típusa: származtatott engedély; engedély érvényessége: 2023.03.24.; kereskedelmi türelmi idő: 2023.06.24.; felhasználási türelmi idő: 2024.03.24.,https://portal.nebih.gov.hu/visszavont-es-lejart-ervenyessegu-novenyvedo-szerek,2026-08-25T08:58:00.874404+00:00,2024.03.24.,származtatott engedély
Vydate 10 L,HU,not_applicable,2023-09-01,2023-11-01,Nébih visszavont/lejárt lista; engedély típusa: alapengedély; engedély érvényessége: 2023.09.01.; kereskedelmi türelmi idő: 2023.11.01.; felhasználási türelmi idő: 2023.11.01.,https://portal.nebih.gov.hu/visszavont-es-lejart-ervenyessegu-novenyvedo-szerek,2026-08-25T08:58:00.874415+00:00,2023.11.01.,alapengedély
Vydate 10 G,HU,not_applicable,2023-09-01,2023-11-01,Nébih visszavont/lejárt lista; engedély típusa: alapengedély; engedély érvényessége: 2023.09.01.; kereskedelmi türelmi idő: 2023.11.01.; felhasználási türelmi idő: 2023.11.01.,https://portal.nebih.gov.hu/visszavont-es-lejart-ervenyessegu-novenyvedo-szerek,2026-08-25T08:58:00.874425+00:00,2023.11.01.,alapengedély
Conima,HU,not_applicable,2023-08-31,2024-02-29,Nébih visszavont/lejárt lista; engedély típusa: származtatott engedély; engedély érvényessége: 2023.08.31.; kereskedelmi türelmi idő: 2023.11.30.; felhasználási türelmi idő: 2024.02.29.,https://portal.nebih.gov.hu/visszavont-es-lejart-ervenyessegu-novenyvedo-szerek,2026-08-25T08:58:00.874434+00:00,2024.02.29.,származtatott engedély
Lumiflex,HU,not_applicable,2023-08-31,2024-02-29,Nébih visszavont/lejárt lista; engedély típusa: származtatott engedély; engedély érvényessége: 2023.08.31.; kereskedelmi türelmi idő: 2023.11.30.; felhasználási türelmi idő: 2024.02.29.,https://portal.nebih.gov.hu/visszavont-es-lejart-ervenyessegu-novenyvedo-szerek,2026-08-25T08:58:00.874443+00:00,2024.02.29.,származtatott engedély
Rancona i-Mix,HU,not_applicable,2023-08-31,2024-02-29,Nébih visszavont/lejárt lista; engedély típusa: alapengedély; engedély érvényessége: 2023.08.31.; kereskedelmi türelmi idő: 2023.11.30.; felhasználási türelmi idő: 2024.02.29.,https://portal.nebih.gov.hu/visszavont-es-lejart-ervenyessegu-novenyvedo-szerek,2026-08-25T08:58:00.874453+00:00,2024.02.29.,alapengedély
Rancona 450 FS,HU,not_applicable,2023-08-31,2024-02-29,Nébih visszavont/lejárt lista; engedély típusa: alapengedély; engedély érvényessége: 2023.08.31.; kereskedelmi türelmi idő: 2023.11.30.; felhasználási türelmi idő: 2024.02.29.,https://portal.nebih.gov.hu/visszavont-es-lejart-ervenyessegu-novenyvedo-szerek,2026-08-25T08:58:00.874462+00:00,2024.02.29.,alapengedély
Rancona 15ME,HU,not_applicable,2023-08-31,2024-02-29,Nébih visszavont/lejárt lista; engedély típusa: alapengedély; engedély érvényessége: 2023.08.31.; kereskedelmi türelmi idő: 2023.11.30.; felhasználási türelmi idő: 2024.02.29.,https://portal.nebih.gov.hu/visszavont-es-lejart-ervenyessegu-novenyvedo-szerek,2026-08-25T08:58:00.874471+00:00,2024.02.29.,alapengedély
Benflunova 600,HU,not_applicable,2023-08-12,2024-05-12,Nébih visszavont/lejárt lista; engedély típusa: alapengedély; engedély érvényessége: 2023.08.12.; kereskedelmi türelmi idő: 2023.12.31.; felhasználási türelmi idő: 2024.05.12.,https://portal.nebih.gov.hu/visszavont-es-lejart-ervenyessegu-novenyvedo-szerek,2026-08-25T08:58:00.874482+00:00,2024.05.12.,alapengedély
Basar 960 EC,HU,not_applicable,2024-04-23,2024-07-23,Nébih visszavont/lejárt lista; engedély típusa: alapengedély; engedély érvényessége: 2024.04.23.; kereskedelmi türelmi idő: 2024.06.11.; felhasználási türelmi idő: 2024.07.23.,https://portal.nebih.gov.hu/visszavont-es-lejart-ervenyessegu-novenyvedo-szerek,2026-08-25T08:58:00.874493+00:00,2024.07.23.,alapengedély
Silueta,HU,not_applicable,2024-04-23,2024-07-23,Nébih visszavont/lejárt lista; engedély típusa: származtatott engedély; engedély érvényessége: 2024.04.23.; kereskedelmi türelmi idő: 2024.06.11.; felhasználási türelmi idő: 2024.07.23.,https://portal.nebih.gov.hu/visszavont-es-lejart-ervenyessegu-novenyvedo-szerek,2026-08-25T08:58:00.874503+00:00,2024.07.23.,származtatott engedély
Basar Plus,HU,not_applicable,2024-04-23,2024-07-23,Nébih visszavont/lejárt lista; engedély típusa: alapengedély; engedély érvényessége: 2024.04.23.; kereskedelmi türelmi idő: 2024.06.11.; felhasználási türelmi idő: 2024.07.23.,https://portal.nebih.gov.hu/visszavont-es-lejart-ervenyessegu-novenyvedo-szerek,2026-08-25T08:58:00.874514+00:00,2024.07.23.,alapengedély
Camix,HU,not_applicable,2024-04-23,2024-07-23,Nébih visszavont/lejárt lista; engedély típusa: alapengedély; engedély érvényessége: 2024.04.23.; kereskedelmi türelmi idő: 2024.06.11.; felhasználási türelmi idő: 2024.07.23.,https://portal.nebih.gov.hu/visszavont-es-lejart-ervenyessegu-novenyvedo-szerek,2026-08-25T08:58:00.874525+00:00,2024.07.23.,alapengedély
Dual Gold 960 EC,HU,not_applicable,2024-04-23,2024-07-23,Nébih visszavont/lejárt lista; engedély típusa: alapengedély; engedély érvényessége: 2024.04.23.; kereskedelmi türelmi idő: 2024.06.11.; felhasználási türelmi idő: 2024.07.23.,https://portal.nebih.gov.hu/visszavont-es-lejart-ervenyessegu-novenyvedo-szerek,2026-08-25T08:58:00.874535+00:00,2024.07.23.,alapengedély
Cross Extra,HU,not_applicable,2024-04-23,2024-07-23,Nébih visszavont/lejárt lista; engedély típusa: származtatott engedély; engedély érvényessége: 2024.04.23.; kereskedelmi türelmi idő: 2024.06.11.; felhasználási türelmi idő: 2024.07.23.,https://portal.nebih.gov.hu/visszavont-es-lejart-ervenyessegu-novenyvedo-szerek,2026-08-25T08:58:00.874560+00:00,2024.07.23.,származtatott engedély
Lecar,HU,not_applicable,2024-04-23,2024-07-23,Nébih visszavont/lejárt lista; engedély típusa: származtatott engedély; engedély érvényessége: 2024.04.23.; kereskedelmi türelmi idő: 2024.06.11.; felhasználási türelmi idő: 2024.07.23.,https://portal.nebih.gov.hu/visszavont-es-lejart-ervenyessegu-novenyvedo-szerek,2026-08-25T08:58:00.874570+00:00,2024.07.23.,származtatott engedély
Tender,HU,not_applicable,2024-04-23,2024-07-23,Nébih visszavont/lejárt lista; engedély típusa: származtatott engedély; engedély érvényessége: 2024.04.23.; kereskedelmi türelmi idő: 2024.06.11.; felhasználási türelmi idő: 2024.07.23.,https://portal.nebih.gov.hu/visszavont-es-lejart-ervenyessegu-novenyvedo-szerek,2026-08-25T08:58:00.874580+00:00,2024.07.23.,származtatott engedély
Gardoprim Plus Gold,HU,not_applicable,2024-04-23,2024-07-23,Nébih visszavont/lejárt lista; engedély típusa: alapengedély; engedély érvényessége: 2024.04.23.; kereskedelmi türelmi idő: 2024.06.11.; felhasználási türelmi idő: 2024.07.23.,https://portal.nebih.gov.hu/visszavont-es-lejart-ervenyessegu-novenyvedo-szerek,2026-08-25T08:58:00.874589+00:00,2024.07.23.,alapengedély
Silba,HU,not_applicable,2024-04-23,2024-07-23,Nébih visszavont/lejárt lista; engedély típusa: származtatott engedély; engedély érvényessége: 2024.04.23.; kereskedelmi türelmi idő: 2024.06.11.; felhasználási türelmi idő: 2024.07.23.,https://portal.nebih.gov.hu/visszavont-es-lejart-ervenyessegu-novenyvedo-szerek,2026-08-25T08:58:00.874598+00:00,2024.07.23.,származtatott engedély
Grand Total 960 EC,HU,not_applicable,2024-04-23,2024-07-23,Nébih visszavont/lejárt lista; engedély típusa: alapengedély; engedély érvényessége: 2024.04.23.; kereskedelmi türelmi idő: 2024.06.11.; felhasználási türelmi idő: 2024.07.23.,https://portal.nebih.gov.hu/visszavont-es-lejart-ervenyessegu-novenyvedo-szerek,2026-08-25T08:58:00.874608+00:00,2024.07.23.,alapengedély
Lumax,HU,not_applicable,2024-04-23,2024-07-23,Nébih visszavont/lejárt lista; engedély típusa: alapengedély; engedély érvényessége: 2024.04.23.; kereskedelmi türelmi idő: 2024.06.11.; felhasználási türelmi idő: 2024.07.23.,https://portal.nebih.gov.hu/visszavont-es-lejart-ervenyessegu-novenyvedo-szerek,2026-08-25T08:58:00.874617+00:00,2024.07.23.,alapengedély
"Lumax H 537,5 SE",HU,not_applicable,2024-04-23,2024-07-23,Nébih visszavont/lejárt lista; engedély típusa: alapengedély; engedély érvényessége: 2024.04.23.; kereskedelmi türelmi idő: 2024.06.11.; felhasználási türelmi idő: 2024.07.23.,https://portal.nebih.gov.hu/visszavont-es-lejart-ervenyessegu-novenyvedo-szerek,2026-08-25T08:58:00.874626+00:00,2024.07.23.,alapengedély
Safari 50 DF,HU,not_applicable,2024-02-20,2024-08-20,Nébih visszavont/lejárt lista; engedély típusa: alapengedély; engedély érvényessége: 2024.02.20.; kereskedelmi türelmi idő: 2024.05.20.; felhasználási türelmi idő: 2024.08.20.,https://portal.nebih.gov.hu/visszavont-es-lejart-ervenyessegu-novenyvedo-szerek,2026-08-25T08:58:00.874637+00:00,2024.08.20.,alapengedély
Movento,HU,not_applicable,2024-04-30,2025-10-30,Nébih visszavont/lejárt lista; engedély típusa: alapengedély; engedély érvényessége: 2024.04.30.; kereskedelmi türelmi idő: 2024.10.30.; felhasználási türelmi idő: 2025.10.30.,https://portal.nebih.gov.hu/visszavont-es-lejart-ervenyessegu-novenyvedo-szerek,2026-08-25T08:58:00.874646+00:00,2025.10.30.,alapengedély
Madex,HU,not_applicable,2024-04-30,2025-10-31,Nébih visszavont/lejárt lista; engedély típusa: alapengedély; engedély érvényessége: 2024.04.30.; kereskedelmi türelmi idő: 2024.10.30.; felhasználási türelmi idő: 2025.10.31.,https://portal.nebih.gov.hu/visszavont-es-lejart-ervenyessegu-novenyvedo-szerek,2026-08-25T08:58:00.874657+00:00,2025.10.31.,alapengedély
Delegate 250 WG,HU,not_applicable,2024-06-30,2025-12-31,Nébih visszavont/lejárt lista; engedély típusa: alapengedély; engedély érvényessége: 2024.06.30.; kereskedelmi türelmi idő: 2024.12.31.; felhasználási türelmi idő: 2025.12.31.,https://portal.nebih.gov.hu/visszavont-es-lejart-ervenyessegu-novenyvedo-szerek,2026-08-25T08:58:00.874671+00:00,2025.12.31.,alapengedély
Reactor 360 CS,HU,not_applicable,2024-10-31,2024-10-31,Nébih visszavont/lejárt lista; engedély típusa: alapengedély; engedély érvényessége: 2024.10.31.; kereskedelmi türelmi idő: 2024.10.31.; felhasználási türelmi idő: 2024.10.31.,https://portal.nebih.gov.hu/visszavont-es-lejart-ervenyessegu-novenyvedo-szerek,2026-08-25T08:58:00.874681+00:00,2024.10.31.,alapengedély
Sphinx Extra,HU,not_applicable,2024-11-20,2025-05-20,Nébih visszavont/lejárt lista; engedély típusa: alapengedély; engedély érvényessége: 2024.11.20.; kereskedelmi türelmi idő: 2025.02.20.; felhasználási türelmi idő: 2025.05.20.,https://portal.nebih.gov.hu/visszavont-es-lejart-ervenyessegu-novenyvedo-szerek,2026-08-25T08:58:00.874690+00:00,2025.05.20.,alapengedély
Presidium,HU,not_applicable,2024-11-20,2025-05-20,Nébih visszavont/lejárt lista; engedély típusa: alapengedély; engedély érvényessége: 2024.11.20.; kereskedelmi türelmi idő: 2025.02.20.; felhasználási türelmi idő: 2025.05.20.,https://portal.nebih.gov.hu/visszavont-es-lejart-ervenyessegu-novenyvedo-szerek,2026-08-25T08:58:00.874699+00:00,2025.05.20.,alapengedély
Orvego,HU,not_applicable,2024-11-20,2025-05-20,Nébih visszavont/lejárt lista; engedély típusa: alapengedély; engedély érvényessége: 2024.11.20.; kereskedelmi türelmi idő: 2025.02.20.; felhasználási türelmi idő: 2025.05.20.,https://portal.nebih.gov.hu/visszavont-es-lejart-ervenyessegu-novenyvedo-szerek,2026-08-25T08:58:00.874708+00:00,2025.05.20.,alapengedély
Diprospero,HU,not_applicable,2024-11-20,2025-05-20,Nébih visszavont/lejárt lista; engedély típusa: alapengedély; engedély érvényessége: 2024.11.20.; kereskedelmi türelmi idő: 2025.02.20.; felhasználási türelmi idő: 2025.05.20.,https://portal.nebih.gov.hu/visszavont-es-lejart-ervenyessegu-novenyvedo-szerek,2026-08-25T08:58:00.874717+00:00,2025.05.20.,alapengedély
Cambio,HU,not_applicable,2024-03-01,2024-03-01,Nébih visszavont/lejárt lista; engedély típusa: alapengedély; engedély érvényessége: 2024.03.01.; kereskedelmi türelmi idő: 2024.03.01.; felhasználási türelmi idő: 2024.03.01.,https://portal.nebih.gov.hu/visszavont-es-lejart-ervenyessegu-novenyvedo-szerek,2026-08-25T08:58:00.874728+00:00,2024.03.01.,alapengedély
Clinic Free,HU,not_applicable,2024-04-11,2025-09-16,Nébih visszavont/lejárt lista; engedély típusa: alapengedély; engedély érvényessége: 2024.04.11.; kereskedelmi türelmi idő: 2024.09.16.; felhasználási türelmi idő: 2025.09.16.,https://portal.nebih.gov.hu/visszavont-es-lejart-ervenyessegu-novenyvedo-szerek,2026-08-25T08:58:00.874738+00:00,2025.09.16.,alapengedély
Amega Free,HU,not_applicable,2024-04-11,2025-09-16,Nébih visszavont/lejárt lista; engedély típusa: származtatott engedély; engedély érvényessége: 2024.04.11.; kereskedelmi türelmi idő: 2024.09.16.; felhasználási türelmi idő: 2025.09.16.,https://portal.nebih.gov.hu/visszavont-es-lejart-ervenyessegu-novenyvedo-szerek,2026-08-25T08:58:00.874752+00:00,2025.09.16.,származtatott engedély
Nufozát Free,HU,not_applicable,2024-04-11,2025-09-16,Nébih visszavont/lejárt lista; engedély típusa: származtatott engedély; engedély érvényessége: 2024.04.11.; kereskedelmi türelmi idő: 2024.09.16.; felhasználási türelmi idő: 2025.09.16.,https://portal.nebih.gov.hu/visszavont-es-lejart-ervenyessegu-novenyvedo-szerek,2026-08-25T08:58:00.874762+00:00,2025.09.16.,származtatott engedély
Glialka Express 6 H,HU,not_applicable,2024-05-10,2025-09-16,Nébih visszavont/lejárt lista; engedély típusa: alapengedély; engedély érvényessége: 2024.05.10.; kereskedelmi türelmi idő: 2024.09.16.; felhasználási türelmi idő: 2025.09.16.,https://portal.nebih.gov.hu/visszavont-es-lejart-ervenyessegu-novenyvedo-szerek,2026-08-25T08:58:00.874771+00:00,2025.09.16.,alapengedély
Glialka Top,HU,not_applicable,2024-04-11,2025-09-16,Nébih visszavont/lejárt lista; engedély típusa: alapengedély; engedély érvényessége: 2024.04.11.; kereskedelmi türelmi idő: 2024.09.16.; felhasználási türelmi idő: 2025.09.16.,https://portal.nebih.gov.hu/visszavont-es-lejart-ervenyessegu-novenyvedo-szerek,2026-08-25T08:58:00.874782+00:00,2025.09.16.,alapengedély
Glialka Plus,HU,not_applicable,2024-05-10,2025-09-16,Nébih visszavont/lejárt lista; engedély típusa: származtatott engedély; engedély érvényessége: 2024.05.10.; kereskedelmi türelmi idő: 2024.09.16.; felhasználási türelmi idő: 2025.09.16.,https://portal.nebih.gov.hu/visszavont-es-lejart-ervenyessegu-novenyvedo-szerek,2026-08-25T08:58:00.874792+00:00,2025.09.16.,származtatott engedély
Glyfos Dakar,HU,not_applicable,2024-04-12,2025-09-16,Nébih visszavont/lejárt lista; engedély típusa: alapengedély; engedély érvényessége: 2024.04.12.; kereskedelmi türelmi idő: 2024.09.16.; felhasználási türelmi idő: 2025.09.16.,https://portal.nebih.gov.hu/visszavont-es-lejart-ervenyessegu-novenyvedo-szerek,2026-08-25T08:58:00.874801+00:00,2025.09.16.,alapengedély
Roundup Bioaktv,HU,not_applicable,2024-04-11,2025-09-16,Nébih visszavont/lejárt lista; engedély típusa: alapengedély; engedély érvényessége: 2024.04.11.; kereskedelmi türelmi idő: 2024.09.16.; felhasználási türelmi idő: 2025.09.16.,https://portal.nebih.gov.hu/visszavont-es-lejart-ervenyessegu-novenyvedo-szerek,2026-08-25T08:58:00.874810+00:00,2025.09.16.,alapengedély
Roundup Superb,HU,not_applicable,2024-04-11,2025-09-16,Nébih visszavont/lejárt lista; engedély típusa: alapengedély; engedély érvényessége: 2024.04.11.; kereskedelmi türelmi idő: 2024.09.16.; felhasználási türelmi idő: 2025.09.16.,https://portal.nebih.gov.hu/visszavont-es-lejart-ervenyessegu-novenyvedo-szerek,2026-08-25T08:58:00.874819+00:00,2025.09.16.,alapengedély
Kaiso EG,HU,not_applicable,2024-04-30,2025-10-30,Nébih visszavont/lejárt lista; engedély típusa: alapengedély; engedély érvényessége: 2024.04.30.; kereskedelmi türelmi idő: 2024.10.30.; felhasználási türelmi idő: 2025.10.30.,https://portal.nebih.gov.hu/visszavont-es-lejart-ervenyessegu-novenyvedo-szerek,2026-08-25T08:58:00.874848+00:00,2025.10.30.,alapengedély
Hunter,HU,not_applicable,2024-05-02,2025-10-30,Nébih visszavont/lejárt lista; engedély típusa: származtatott engedély; engedély érvényessége: 2024.05.02.; kereskedelmi türelmi idő: 2024.10.30.; felhasználási türelmi idő: 2025.10.30.,https://portal.nebih.gov.hu/visszavont-es-lejart-ervenyessegu-novenyvedo-szerek,2026-08-25T08:58:00.874857+00:00,2025.10.30.,származtatott engedély
Jager EG,HU,not_applicable,2024-05-02,2025-10-30,Nébih visszavont/lejárt lista; engedély típusa: származtatott engedély; engedély érvényessége: 2024.05.02.; kereskedelmi türelmi idő: 2024.10.30.; felhasználási türelmi idő: 2025.10.30.,https://portal.nebih.gov.hu/visszavont-es-lejart-ervenyessegu-novenyvedo-szerek,2026-08-25T08:58:00.874867+00:00,2025.10.30.,származtatott engedély
Wakizasi,HU,not_applicable,2024-05-02,2025-10-30,Nébih visszavont/lejárt lista; engedély típusa: származtatott engedély; engedély érvényessége: 2024.05.02.; kereskedelmi türelmi idő: 2024.10.30.; felhasználási türelmi idő: 2025.10.30.,https://portal.nebih.gov.hu/visszavont-es-lejart-ervenyessegu-novenyvedo-szerek,2026-08-25T08:58:00.874880+00:00,2025.10.30.,származtatott engedély
Kaiso Garden,HU,not_applicable,2024-05-09,2025-10-30,Nébih visszavont/lejárt lista; engedély típusa: alapengedély; engedély érvényessége: 2024.05.09.; kereskedelmi türelmi idő: 2024.10.30.; felhasználási türelmi idő: 2025.10.30.,https://portal.nebih.gov.hu/visszavont-es-lejart-ervenyessegu-novenyvedo-szerek,2026-08-25T08:58:00.874889+00:00,2025.10.30.,alapengedély
Ormet Plus,HU,not_applicable,2024-05-24,2025-11-01,Nébih visszavont/lejárt lista; engedély típusa: alapengedély; engedély érvényessége: 2024.05.24.; kereskedelmi türelmi idő: 2024.11.01.; felhasználási türelmi idő: 2025.11.01.,https://portal.nebih.gov.hu/visszavont-es-lejart-ervenyessegu-novenyvedo-szerek,2026-08-25T08:58:00.874899+00:00,2025.11.01.,alapengedély
Paket 250 EC,HU,not_applicable,2024-10-10,2026-02-01,Nébih visszavont/lejárt lista; engedély típusa: alapengedély; engedély érvényessége: 2024.10.10.; kereskedelmi türelmi idő: 2025.02.01.; felhasználási türelmi idő: 2026.02.01.,https://portal.nebih.gov.hu/visszavont-es-lejart-ervenyessegu-novenyvedo-szerek,2026-08-25T08:58:00.874908+00:00,2026.02.01.,alapengedély
Vivendi 200,HU,not_applicable,2024-11-01,2026-05-01,Nébih visszavont/lejárt lista; engedély típusa: alapengedély; engedély érvényessége: 2024.11.01.; kereskedelmi türelmi idő: 2025.05.01.; felhasználási türelmi idő: 2026.05.01.,https://portal.nebih.gov.hu/visszavont-es-lejart-ervenyessegu-novenyvedo-szerek,2026-08-25T08:58:00.874917+00:00,2026.05.01.,alapengedély
Nemguard SC,HU,not_applicable,2024-12-01,2026-06-01,Nébih visszavont/lejárt lista; engedély típusa: alapengedély; engedély érvényessége: 2024.12.01.; kereskedelmi türelmi idő: 2025.06.01.; felhasználási türelmi idő: 2026.06.01.,https://portal.nebih.gov.hu/visszavont-es-lejart-ervenyessegu-novenyvedo-szerek,2026-08-25T08:58:00.874926+00:00,2026.06.01.,alapengedély
Margareta levéltetű irtó aerosol,HU,not_applicable,2024-12-31,2026-06-30,Nébih visszavont/lejárt lista; engedély típusa: alapengedély; engedély érvényessége: 2024.12.31.; kereskedelmi türelmi idő: 2025.06.30.; felhasználási türelmi idő: 2026.06.30.,https://portal.nebih.gov.hu/visszavont-es-lejart-ervenyessegu-novenyvedo-szerek,2026-08-25T08:58:00.874938+00:00,2026.06.30.,alapengedély
Minecto Alpha,HU,not_applicable,2025-01-10,2025-07-10,Nébih visszavont/lejárt lista; engedély típusa: alapengedély; engedély érvényessége: 2025.01.10.; kereskedelmi türelmi idő: 2025.04.10.; felhasználási türelmi idő: 2025.07.10.,https://portal.nebih.gov.hu/visszavont-es-lejart-ervenyessegu-novenyvedo-szerek,2026-08-25T08:58:00.874949+00:00,2025.07.10.,alapengedély
Ressivi,HU,not_applicable,2025-01-10,2025-07-10,Nébih visszavont/lejárt lista; engedély típusa: alapengedély; engedély érvényessége: 2025.01.10.; kereskedelmi türelmi idő: 2025.04.10.; felhasználási türelmi idő: 2025.07.10.,https://portal.nebih.gov.hu/visszavont-es-lejart-ervenyessegu-novenyvedo-szerek,2026-08-25T08:58:00.874959+00:00,2025.07.10.,alapengedély
Hektor,HU,withdrawn_grace,2025-03-01,2026-09-01,Nébih visszavont/lejárt lista; engedély típusa: származtatott engedély; engedély érvényessége: 2025.03.01.; kereskedelmi türelmi idő: 2025.09.01.; felhasználási türelmi idő: 2026.09.01.,https://portal.nebih.gov.hu/visszavont-es-lejart-ervenyessegu-novenyvedo-szerek,2026-08-25T08:58:00.874968+00:00,2026.09.01.,származtatott engedély
Prefektor,HU,withdrawn_grace,2025-03-01,2026-09-01,Nébih visszavont/lejárt lista; engedély típusa: származtatott engedély; engedély érvényessége: 2025.03.01.; kereskedelmi türelmi idő: 2025.09.01.; felhasználási türelmi idő: 2026.09.01.,https://portal.nebih.gov.hu/visszavont-es-lejart-ervenyessegu-novenyvedo-szerek,2026-08-25T08:58:00.874977+00:00,2026.09.01.,származtatott engedély
Merpan 48 SC,HU,not_applicable,2025-03-15,2026-08-01,Nébih visszavont/lejárt lista; engedély típusa: alapengedély; engedély érvényessége: 2025.03.15.; kereskedelmi türelmi idő: 2025.08.01.; felhasználási türelmi idő: 2026.08.01.,https://portal.nebih.gov.hu/visszavont-es-lejart-ervenyessegu-novenyvedo-szerek,2026-08-25T08:58:00.874989+00:00,2026.08.01.,alapengedély
Vivando,HU,not_applicable,2025-03-15,2026-08-01,Nébih visszavont/lejárt lista; engedély típusa: alapengedély; engedély érvényessége: 2025.03.15.; kereskedelmi türelmi idő: 2025.08.01.; felhasználási türelmi idő: 2026.08.01.,https://portal.nebih.gov.hu/visszavont-es-lejart-ervenyessegu-novenyvedo-szerek,2026-08-25T08:58:00.874998+00:00,2026.08.01.,alapengedély
Difol,HU,not_applicable,2025-03-15,2026-08-01,Nébih visszavont/lejárt lista; engedély típusa: alapengedély; engedély érvényessége: 2025.03.15.; kereskedelmi türelmi idő: 2025.08.01.; felhasználási türelmi idő: 2026.08.01.,https://portal.nebih.gov.hu/visszavont-es-lejart-ervenyessegu-novenyvedo-szerek,2026-08-25T08:58:00.875007+00:00,2026.08.01.,alapengedély
Folpan 48 SC,HU,not_applicable,2025-03-15,2026-08-01,Nébih visszavont/lejárt lista; engedély típusa: alapengedély; engedély érvényessége: 2025.03.15.; kereskedelmi türelmi idő: 2025.08.01.; felhasználási türelmi idő: 2026.08.01.,https://portal.nebih.gov.hu/visszavont-es-lejart-ervenyessegu-novenyvedo-szerek,2026-08-25T08:58:00.875019+00:00,2026.08.01.,alapengedély
Sanvino,HU,not_applicable,2025-03-15,2026-08-01,Nébih visszavont/lejárt lista; engedély típusa: alapengedély; engedély érvényessége: 2025.03.15.; kereskedelmi türelmi idő: 2025.08.01.; felhasználási türelmi idő: 2026.08.01.,https://portal.nebih.gov.hu/visszavont-es-lejart-ervenyessegu-novenyvedo-szerek,2026-08-25T08:58:00.875028+00:00,2026.08.01.,alapengedély
Solofol,HU,not_applicable,2025-03-15,2026-08-01,Nébih visszavont/lejárt lista; engedély típusa: alapengedély; engedély érvényessége: 2025.03.15.; kereskedelmi türelmi idő: 2025.08.01.; felhasználási türelmi idő: 2026.08.01.,https://portal.nebih.gov.hu/visszavont-es-lejart-ervenyessegu-novenyvedo-szerek,2026-08-25T08:58:00.875037+00:00,2026.08.01.,alapengedély
Graffiti 800 WG,HU,not_applicable,2025-03-15,2026-08-01,Nébih visszavont/lejárt lista; engedély típusa: származtatott engedély; engedély érvényessége: 2025.03.15.; kereskedelmi türelmi idő: 2025.08.01.; felhasználási türelmi idő: 2026.08.01.,https://portal.nebih.gov.hu/visszavont-es-lejart-ervenyessegu-novenyvedo-szerek,2026-08-25T08:58:00.875046+00:00,2026.08.01.,származtatott engedély
Cuprosan 50 WP,HU,not_applicable,2025-03-15,2025-12-31,Nébih visszavont/lejárt lista; engedély típusa: alapengedély; engedély érvényessége: 2025.03.15.; kereskedelmi türelmi idő: 2025.08.15.; felhasználási türelmi idő: 2025.12.31.,https://portal.nebih.gov.hu/visszavont-es-lejart-ervenyessegu-novenyvedo-szerek,2026-08-25T08:58:00.875057+00:00,2025.12.31.,alapengedély
Joker 77 WP,HU,not_applicable,2025-03-15,2025-12-31,Nébih visszavont/lejárt lista; engedély típusa: alapengedély; engedély érvényessége: 2025.03.15.; kereskedelmi türelmi idő: 2025.08.15.; felhasználási türelmi idő: 2025.12.31.,https://portal.nebih.gov.hu/visszavont-es-lejart-ervenyessegu-novenyvedo-szerek,2026-08-25T08:58:00.875067+00:00,2025.12.31.,alapengedély
Roxi,HU,not_applicable,2025-03-15,2025-12-31,Nébih visszavont/lejárt lista; engedély típusa: származtatott engedély; engedély érvényessége: 2025.03.15.; kereskedelmi türelmi idő: 2025.08.15.; felhasználási türelmi idő: 2025.12.31.,https://portal.nebih.gov.hu/visszavont-es-lejart-ervenyessegu-novenyvedo-szerek,2026-08-25T08:58:00.875076+00:00,2025.12.31.,származtatott engedély
Rézoxiklorid 50 WP Neo,HU,not_applicable,2025-03-15,2025-12-31,Nébih visszavont/lejárt lista; engedély típusa: származtatott engedély; engedély érvényessége: 2025.03.15.; kereskedelmi türelmi idő: 2025.08.15.; felhasználási türelmi idő: 2025.12.31.,https://portal.nebih.gov.hu/visszavont-es-lejart-ervenyessegu-novenyvedo-szerek,2026-08-25T08:58:00.875085+00:00,2025.12.31.,származtatott engedély
Cupromet-OH,HU,not_applicable,2025-03-15,2025-12-31,Nébih visszavont/lejárt lista; engedély típusa: származtatott engedély; engedély érvényessége: 2025.03.15.; kereskedelmi türelmi idő: 2025.08.15.; felhasználási türelmi idő: 2025.12.31.,https://portal.nebih.gov.hu/visszavont-es-lejart-ervenyessegu-novenyvedo-szerek,2026-08-25T08:58:00.875096+00:00,2025.12.31.,származtatott engedély
Jolly 77 WP,HU,not_applicable,2025-03-15,2025-12-31,Nébih visszavont/lejárt lista; engedély típusa: származtatott engedély; engedély érvényessége: 2025.03.15.; kereskedelmi türelmi idő: 2025.08.15.; felhasználási türelmi idő: 2025.12.31.,https://portal.nebih.gov.hu/visszavont-es-lejart-ervenyessegu-novenyvedo-szerek,2026-08-25T08:58:00.875106+00:00,2025.12.31.,származtatott engedély
Rapid CS,HU,withdrawn_grace,2025-03-31,2026-09-30,Nébih visszavont/lejárt lista; engedély típusa: alapengedély; engedély érvényessége: 2025.03.31.; kereskedelmi türelmi idő: 2025.09.30.; felhasználási türelmi idő: 2026.09.30.,https://portal.nebih.gov.hu/visszavont-es-lejart-ervenyessegu-novenyvedo-szerek,2026-08-25T08:58:00.875115+00:00,2026.09.30.,alapengedély
Force 10 CS,HU,withdrawn_grace,2025-11-03,2027-05-03,Nébih visszavont/lejárt lista; engedély típusa: alapengedély; engedély érvényessége: 2025.11.03.; kereskedelmi türelmi idő: 2026.05.03.; felhasználási türelmi idő: 2027.05.03.,https://portal.nebih.gov.hu/visszavont-es-lejart-ervenyessegu-novenyvedo-szerek,2026-08-25T08:58:00.875125+00:00,2027.05.03.,alapengedély
Karathane Star,HU,withdrawn_grace,2025-03-31,2026-09-30,Nébih visszavont/lejárt lista; engedély típusa: alapengedély; engedély érvényessége: 2025.03.31.; kereskedelmi türelmi idő: 2025.09.30.; felhasználási türelmi idő: 2026.09.30.,https://portal.nebih.gov.hu/visszavont-es-lejart-ervenyessegu-novenyvedo-szerek,2026-08-25T08:58:00.875136+00:00,2026.09.30.,alapengedély
Prolectus,HU,not_applicable,2025-05-08,2026-07-15,Nébih visszavont/lejárt lista; engedély típusa: alapengedély; engedély érvényessége: 2025.05.08.; kereskedelmi türelmi idő: 2025.07.15.; felhasználási türelmi idő: 2026.07.15.,https://portal.nebih.gov.hu/visszavont-es-lejart-ervenyessegu-novenyvedo-szerek,2026-08-25T08:58:00.875146+00:00,2026.07.15.,alapengedély
Fontelis 20 SC,HU,unknown,2025-11-26,,Nébih visszavont/lejárt lista; engedély típusa: alapengedély; engedély érvényessége: 2025.11.26.; kereskedelmi türelmi idő: 2026.02.26.; felhasználási türelmi idő: eltarthatósági idő végéig,https://portal.nebih.gov.hu/visszavont-es-lejart-ervenyessegu-novenyvedo-szerek,2026-08-25T08:58:00.875156+00:00,eltarthatósági idő végéig,alapengedély
Intellis,HU,unknown,2025-11-26,,Nébih visszavont/lejárt lista; engedély típusa: származtatott; engedély érvényessége: 2025.11.26.; kereskedelmi türelmi idő: 2026.02.26.; felhasználási türelmi idő: eltarthatósági idő végéig,https://portal.nebih.gov.hu/visszavont-es-lejart-ervenyessegu-novenyvedo-szerek,2026-08-25T08:58:00.875169+00:00,eltarthatósági idő végéig,származtatott
Expert Met,HU,not_applicable,2025-05-24,2025-11-24,Nébih visszavont/lejárt lista; engedély típusa: alapengedély; engedély érvényessége: 2025.05.24.; kereskedelmi türelmi idő: 2025.08.24.; felhasználási türelmi idő: 2025.11.24.,https://portal.nebih.gov.hu/visszavont-es-lejart-ervenyessegu-novenyvedo-szerek,2026-08-25T08:58:00.875178+00:00,2025.11.24.,alapengedély
Metric,HU,not_applicable,2025-05-24,2025-11-24,Nébih visszavont/lejárt lista; engedély típusa: alapengedély; engedély érvényessége: 2025.05.24.; kereskedelmi türelmi idő: 2025.08.24.; felhasználási türelmi idő: 2025.11.24.,https://portal.nebih.gov.hu/visszavont-es-lejart-ervenyessegu-novenyvedo-szerek,2026-08-25T08:58:00.875190+00:00,2025.11.24.,alapengedély
Mistral,HU,not_applicable,2025-05-24,2025-11-24,Nébih visszavont/lejárt lista; engedély típusa: alapengedély; engedély érvényessége: 2025.05.24.; kereskedelmi türelmi idő: 2025.08.24.; felhasználási türelmi idő: 2025.11.24.,https://portal.nebih.gov.hu/visszavont-es-lejart-ervenyessegu-novenyvedo-szerek,2026-08-25T08:58:00.875199+00:00,2025.11.24.,alapengedély
Subtil,HU,not_applicable,2025-05-24,2025-11-24,Nébih visszavont/lejárt lista; engedély típusa: alapengedély; engedély érvényessége: 2025.05.24.; kereskedelmi türelmi idő: 2025.08.24.; felhasználási türelmi idő: 2025.11.24.,https://portal.nebih.gov.hu/visszavont-es-lejart-ervenyessegu-novenyvedo-szerek,2026-08-25T08:58:00.875208+00:00,2025.11.24.,alapengedély
Shametrin 70 WG,HU,not_applicable,2025-05-24,2025-11-24,Nébih visszavont/lejárt lista; engedély típusa: alapengedély; engedély érvényessége: 2025.05.24.; kereskedelmi türelmi idő: 2025.08.24.; felhasználási türelmi idő: 2025.11.24.,https://portal.nebih.gov.hu/visszavont-es-lejart-ervenyessegu-novenyvedo-szerek,2026-08-25T08:58:00.875221+00:00,2025.11.24.,alapengedély
Sencor 600 SC,HU,not_applicable,2025-05-24,2025-11-24,Nébih visszavont/lejárt lista; engedély típusa: alapengedély; engedély érvényessége: 2025.05.24.; kereskedelmi türelmi idő: 2025.08.24.; felhasználási türelmi idő: 2025.11.24.,https://portal.nebih.gov.hu/visszavont-es-lejart-ervenyessegu-novenyvedo-szerek,2026-08-25T08:58:00.875231+00:00,2025.11.24.,alapengedély
Arcade 880 EC,HU,not_applicable,2025-05-24,2025-11-24,Nébih visszavont/lejárt lista; engedély típusa: alapengedély; engedély érvényessége: 2025.05.24.; kereskedelmi türelmi idő: 2025.08.24.; felhasználási türelmi idő: 2025.11.24.,https://portal.nebih.gov.hu/visszavont-es-lejart-ervenyessegu-novenyvedo-szerek,2026-08-25T08:58:00.875240+00:00,2025.11.24.,alapengedély
Biathlon,HU,not_applicable,2025-05-07,2025-11-07,Nébih visszavont/lejárt lista; engedély típusa: alapengedély; engedély érvényessége: 2025.05.07.; kereskedelmi türelmi idő: 2025.08.07.; felhasználási türelmi idő: 2025.11.07.,https://portal.nebih.gov.hu/visszavont-es-lejart-ervenyessegu-novenyvedo-szerek,2026-08-25T08:58:00.875249+00:00,2025.11.07.,alapengedély
Biathlon 4D,HU,not_applicable,2025-05-07,2025-11-07,Nébih visszavont/lejárt lista; engedély típusa: alapengedély; engedély érvényessége: 2025.05.07.; kereskedelmi türelmi idő: 2025.08.07.; felhasználási türelmi idő: 2025.11.07.,https://portal.nebih.gov.hu/visszavont-es-lejart-ervenyessegu-novenyvedo-szerek,2026-08-25T08:58:00.875258+00:00,2025.11.07.,alapengedély
Arrat,HU,not_applicable,2025-05-07,2025-11-07,Nébih visszavont/lejárt lista; engedély típusa: alapengedély; engedély érvényessége: 2025.05.07.; kereskedelmi türelmi idő: 2025.08.07.; felhasználási türelmi idő: 2025.11.07.,https://portal.nebih.gov.hu/visszavont-es-lejart-ervenyessegu-novenyvedo-szerek,2026-08-25T08:58:00.875268+00:00,2025.11.07.,alapengedély
Callam,HU,not_applicable,2025-05-07,2025-11-07,Nébih visszavont/lejárt lista; engedély típusa: alapengedély; engedély érvényessége: 2025.05.07.; kereskedelmi türelmi idő: 2025.08.07.; felhasználási türelmi idő: 2025.11.07.,https://portal.nebih.gov.hu/visszavont-es-lejart-ervenyessegu-novenyvedo-szerek,2026-08-25T08:58:00.875277+00:00,2025.11.07.,alapengedély
Xanadu,HU,withdrawn_grace,2025-09-30,2027-03-31,Nébih visszavont/lejárt lista; engedély típusa: alapengedély; engedély érvényessége: 2025.09.30.; kereskedelmi türelmi idő: 2026.03.31.; felhasználási türelmi idő: 2027.03.31.,https://portal.nebih.gov.hu/visszavont-es-lejart-ervenyessegu-novenyvedo-szerek,2026-08-25T08:58:00.875286+00:00,2027.03.31.,alapengedély
Finy Max,HU,withdrawn_grace,2025-09-30,2027-03-31,Nébih visszavont/lejárt lista; engedély típusa: származtatott; engedély érvényessége: 2025.09.30.; kereskedelmi türelmi idő: 2026.03.31.; felhasználási türelmi idő: 2027.03.31.,https://portal.nebih.gov.hu/visszavont-es-lejart-ervenyessegu-novenyvedo-szerek,2026-08-25T08:58:00.875295+00:00,2027.03.31.,származtatott
Arnold,HU,withdrawn_grace,2025-12-10,2026-12-10,Nébih visszavont/lejárt lista; engedély típusa: alapengedély; engedély érvényessége: 2025.12.10.; kereskedelmi türelmi idő: 2026.07.10.; felhasználási türelmi idő: 2026.12.10.,https://portal.nebih.gov.hu/visszavont-es-lejart-ervenyessegu-novenyvedo-szerek,2026-08-25T08:58:00.875304+00:00,2026.12.10.,alapengedély
Aspect T,HU,withdrawn_grace,2025-12-10,2026-12-10,Nébih visszavont/lejárt lista; engedély típusa: alapengedély; engedély érvényessége: 2025.12.10.; kereskedelmi türelmi idő: 2026.07.10.; felhasználási türelmi idő: 2026.12.10.,https://portal.nebih.gov.hu/visszavont-es-lejart-ervenyessegu-novenyvedo-szerek,2026-08-25T08:58:00.875315+00:00,2026.12.10.,alapengedély
Battle Delta,HU,withdrawn_grace,2025-12-10,2026-12-10,Nébih visszavont/lejárt lista; engedély típusa: alapengedély; engedély érvényessége: 2025.12.10.; kereskedelmi türelmi idő: 2026.07.10.; felhasználási türelmi idő: 2026.12.10.,https://portal.nebih.gov.hu/visszavont-es-lejart-ervenyessegu-novenyvedo-szerek,2026-08-25T08:58:00.875326+00:00,2026.12.10.,alapengedély
Fence,HU,withdrawn_grace,2025-12-10,2026-12-10,Nébih visszavont/lejárt lista; engedély típusa: alapengedély; engedély érvényessége: 2025.12.10.; kereskedelmi türelmi idő: 2026.07.10.; felhasználási türelmi idő: 2026.12.10.,https://portal.nebih.gov.hu/visszavont-es-lejart-ervenyessegu-novenyvedo-szerek,2026-08-25T08:58:00.875337+00:00,2026.12.10.,alapengedély
Fluent 500,HU,withdrawn_grace,2025-12-10,2026-12-10,Nébih visszavont/lejárt lista; engedély típusa: alapengedély; engedély érvényessége: 2025.12.10.; kereskedelmi türelmi idő: 2026.07.10.; felhasználási türelmi idő: 2026.12.10.,https://portal.nebih.gov.hu/visszavont-es-lejart-ervenyessegu-novenyvedo-szerek,2026-08-25T08:58:00.875346+00:00,2026.12.10.,alapengedély
Inker 500 SC,HU,withdrawn_grace,2025-12-10,2026-12-10,Nébih visszavont/lejárt lista; engedély típusa: alapengedély; engedély érvényessége: 2025.12.10.; kereskedelmi türelmi idő: 2026.07.10.; felhasználási türelmi idő: 2026.12.10.,https://portal.nebih.gov.hu/visszavont-es-lejart-ervenyessegu-novenyvedo-szerek,2026-08-25T08:58:00.875357+00:00,2026.12.10.,alapengedély
Naceto SC,HU,withdrawn_grace,2025-12-10,2026-12-10,Nébih visszavont/lejárt lista; engedély típusa: alapengedély; engedély érvényessége: 2025.12.10.; kereskedelmi türelmi idő: 2026.07.10.; felhasználási türelmi idő: 2026.12.10.,https://portal.nebih.gov.hu/visszavont-es-lejart-ervenyessegu-novenyvedo-szerek,2026-08-25T08:58:00.875366+00:00,2026.12.10.,alapengedély
Pontos,HU,withdrawn_grace,2025-12-10,2026-12-10,Nébih visszavont/lejárt lista; engedély típusa: alapengedély; engedély érvényessége: 2025.12.10.; kereskedelmi türelmi idő: 2026.07.10.; felhasználási türelmi idő: 2026.12.10.,https://portal.nebih.gov.hu/visszavont-es-lejart-ervenyessegu-novenyvedo-szerek,2026-08-25T08:58:00.875376+00:00,2026.12.10.,alapengedély
Reliance,HU,withdrawn_grace,2025-12-10,2026-12-10,Nébih visszavont/lejárt lista; engedély típusa: alapengedély; engedély érvényessége: 2025.12.10.; kereskedelmi türelmi idő: 2026.07.10.; felhasználási türelmi idő: 2026.12.10.,https://portal.nebih.gov.hu/visszavont-es-lejart-ervenyessegu-novenyvedo-szerek,2026-08-25T08:58:00.875385+00:00,2026.12.10.,alapengedély
Sirinova,HU,withdrawn_grace,2025-12-10,2026-12-10,Nébih visszavont/lejárt lista; engedély típusa: alapengedély; engedély érvényessége: 2025.12.10.; kereskedelmi türelmi idő: 2026.07.10.; felhasználási türelmi idő: 2026.12.10.,https://portal.nebih.gov.hu/visszavont-es-lejart-ervenyessegu-novenyvedo-szerek,2026-08-25T08:58:00.875394+00:00,2026.12.10.,alapengedély
Sunfire,HU,withdrawn_grace,2025-12-10,2026-12-10,Nébih visszavont/lejárt lista; engedély típusa: alapengedély; engedély érvényessége: 2025.12.10.; kereskedelmi türelmi idő: 2026.07.10.; felhasználási türelmi idő: 2026.12.10.,https://portal.nebih.gov.hu/visszavont-es-lejart-ervenyessegu-novenyvedo-szerek,2026-08-25T08:58:00.875403+00:00,2026.12.10.,alapengedély
Agrideal-Flufen 500,HU,withdrawn_grace,2025-12-10,2026-12-10,Nébih visszavont/lejárt lista; engedély típusa: származtatott; engedély érvényessége: 2025.12.10.; kereskedelmi türelmi idő: 2026.07.10.; felhasználási türelmi idő: 2026.12.10.,https://portal.nebih.gov.hu/visszavont-es-lejart-ervenyessegu-novenyvedo-szerek,2026-08-25T08:58:00.875414+00:00,2026.12.10.,származtatott
Cevino 500 SC,HU,withdrawn_grace,2025-12-10,2026-12-10,Nébih visszavont/lejárt lista; engedély típusa: származtatott; engedély érvényessége: 2025.12.10.; kereskedelmi türelmi idő: 2026.07.10.; felhasználási türelmi idő: 2026.12.10.,https://portal.nebih.gov.hu/visszavont-es-lejart-ervenyessegu-novenyvedo-szerek,2026-08-25T08:58:00.875424+00:00,2026.12.10.,származtatott
Eli-T,HU,withdrawn_grace,2025-12-10,2026-12-10,Nébih visszavont/lejárt lista; engedély típusa: származtatott; engedély érvényessége: 2025.12.10.; kereskedelmi türelmi idő: 2026.07.10.; felhasználási türelmi idő: 2026.12.10.,https://portal.nebih.gov.hu/visszavont-es-lejart-ervenyessegu-novenyvedo-szerek,2026-08-25T08:58:00.875435+00:00,2026.12.10.,származtatott
Forego,HU,withdrawn_grace,2025-12-10,2026-12-10,Nébih visszavont/lejárt lista; engedély típusa: származtatott; engedély érvényessége: 2025.12.10.; kereskedelmi türelmi idő: 2026.07.10.; felhasználási türelmi idő: 2026.12.10.,https://portal.nebih.gov.hu/visszavont-es-lejart-ervenyessegu-novenyvedo-szerek,2026-08-25T08:58:00.875444+00:00,2026.12.10.,származtatott
Ramtic,HU,withdrawn_grace,2025-12-10,2026-12-10,Nébih visszavont/lejárt lista; engedély típusa: származtatott; engedély érvényessége: 2025.12.10.; kereskedelmi türelmi idő: 2026.07.10.; felhasználási türelmi idő: 2026.12.10.,https://portal.nebih.gov.hu/visszavont-es-lejart-ervenyessegu-novenyvedo-szerek,2026-08-25T08:58:00.875453+00:00,2026.12.10.,származtatott
Shelter,HU,withdrawn_grace,2025-12-10,2026-12-10,Nébih visszavont/lejárt lista; engedély típusa: származtatott; engedély érvényessége: 2025.12.10.; kereskedelmi türelmi idő: 2026.07.10.; felhasználási türelmi idő: 2026.12.10.,https://portal.nebih.gov.hu/visszavont-es-lejart-ervenyessegu-novenyvedo-szerek,2026-08-25T08:58:00.875463+00:00,2026.12.10.,származtatott
Starfire,HU,withdrawn_grace,2025-12-10,2026-12-10,Nébih visszavont/lejárt lista; engedély típusa: származtatott; engedély érvényessége: 2025.12.10.; kereskedelmi türelmi idő: 2026.07.10.; felhasználási türelmi idő: 2026.12.10.,https://portal.nebih.gov.hu/visszavont-es-lejart-ervenyessegu-novenyvedo-szerek,2026-08-25T08:58:00.875472+00:00,2026.12.10.,származtatott
